fixture_id,seed_id,mutation_chain_id,depth,chain_depth,mutation_node_sequence,final_theory_hash,perturbation_class,label,ground_truth_label,repairable,source,split,verifier_status,verifier_config_hash,pair_origin,orbit_id_a,orbit_id_b,generation_depth_a,generation_depth_b,pair_generation_depth_max,pair_generation_depth_delta,pair_swapped,failed_obligation_names,failed_obligation_categories,n_gauge_nodes,n_fields,n_superpotential_terms,max_superpotential_monomial_length,n_r_charge_bearing_fields,input_token_estimate,theory_a_path,theory_b_path
dp0_toric_N3_d1_node0_positive_00,2284570358,dp0_toric:s2500693714:d1:nodes[0]:fe93ce617632,1,1,0,fe93ce617632133e574a70c373485dd484d0a08f099b20bdf3ea26d948e84bb0,positive,CERTIFIED,dual,0,dp0_toric,dev,CERTIFIED,02feb2e5cdbdb55f08ef51df90a25e2c310d78bd46a0c853c4bdadf74829fc96,,,,,,,,,,,3,12,9,3,12,681,theories/dp0_toric_N3_d1_node0_positive_00.A.json,theories/dp0_toric_N3_d1_node0_positive_00.B.json
dp0_toric_N3_d1_node0_drop_w_term_00,3379564809,dp0_toric:s2500693714:d1:nodes[0]:fe93ce617632,1,1,0,fe93ce617632133e574a70c373485dd484d0a08f099b20bdf3ea26d948e84bb0,drop_w_term,FAILED,not_dual,1,dp0_toric,dev,FAILED,02feb2e5cdbdb55f08ef51df90a25e2c310d78bd46a0c853c4bdadf74829fc96,,,,,,,,,bounded chiral-ring consistency,chiral_ring,3,12,8,3,12,665,theories/dp0_toric_N3_d1_node0_drop_w_term_00.A.json,theories/dp0_toric_N3_d1_node0_drop_w_term_00.B.json
dp0_toric_N3_d1_node0_drop_w_term_02,3453659267,dp0_toric:s2500693714:d1:nodes[0]:fe93ce617632,1,1,0,fe93ce617632133e574a70c373485dd484d0a08f099b20bdf3ea26d948e84bb0,drop_w_term,FAILED,not_dual,1,dp0_toric,dev,FAILED,02feb2e5cdbdb55f08ef51df90a25e2c310d78bd46a0c853c4bdadf74829fc96,,,,,,,,,bounded chiral-ring consistency,chiral_ring,3,12,8,3,12,665,theories/dp0_toric_N3_d1_node0_drop_w_term_02.A.json,theories/dp0_toric_N3_d1_node0_drop_w_term_02.B.json
dp0_toric_N3_d1_node0_flip_w_sign_00,3691305769,dp0_toric:s2500693714:d1:nodes[0]:fe93ce617632,1,1,0,fe93ce617632133e574a70c373485dd484d0a08f099b20bdf3ea26d948e84bb0,flip_w_sign,FAILED,not_dual,1,dp0_toric,dev,FAILED,02feb2e5cdbdb55f08ef51df90a25e2c310d78bd46a0c853c4bdadf74829fc96,,,,,,,,,bounded chiral-ring consistency,chiral_ring,3,12,9,3,12,682,theories/dp0_toric_N3_d1_node0_flip_w_sign_00.A.json,theories/dp0_toric_N3_d1_node0_flip_w_sign_00.B.json
dp0_toric_N3_d1_node0_r_charge_perturb_00,2963220979,dp0_toric:s2500693714:d1:nodes[0]:fe93ce617632,1,1,0,fe93ce617632133e574a70c373485dd484d0a08f099b20bdf3ea26d948e84bb0,r_charge_perturb,FAILED,not_dual,1,dp0_toric,dev,FAILED,02feb2e5cdbdb55f08ef51df90a25e2c310d78bd46a0c853c4bdadf74829fc96,,,,,,,,,magnetic gauge-global mixed anomaly cancellation;magnetic superpotential consistency;global anomaly matching;central charge matching from encoded R-symmetry,anomaly;superpotential;anomaly;r_charge,3,12,9,3,12,681,theories/dp0_toric_N3_d1_node0_r_charge_perturb_00.A.json,theories/dp0_toric_N3_d1_node0_r_charge_perturb_00.B.json
dp0_toric_N3_d1_node0_r_charge_perturb_01,232454333,dp0_toric:s2500693714:d1:nodes[0]:fe93ce617632,1,1,0,fe93ce617632133e574a70c373485dd484d0a08f099b20bdf3ea26d948e84bb0,r_charge_perturb,FAILED,not_dual,1,dp0_toric,dev,FAILED,02feb2e5cdbdb55f08ef51df90a25e2c310d78bd46a0c853c4bdadf74829fc96,,,,,,,,,magnetic gauge-global mixed anomaly cancellation;magnetic superpotential consistency;global anomaly matching;central charge matching from encoded R-symmetry,anomaly;superpotential;anomaly;r_charge,3,12,9,3,12,681,theories/dp0_toric_N3_d1_node0_r_charge_perturb_01.A.json,theories/dp0_toric_N3_d1_node0_r_charge_perturb_01.B.json
dp0_toric_N3_d1_node0_r_charge_perturb_02,3293186114,dp0_toric:s2500693714:d1:nodes[0]:fe93ce617632,1,1,0,fe93ce617632133e574a70c373485dd484d0a08f099b20bdf3ea26d948e84bb0,r_charge_perturb,FAILED,not_dual,1,dp0_toric,dev,FAILED,02feb2e5cdbdb55f08ef51df90a25e2c310d78bd46a0c853c4bdadf74829fc96,,,,,,,,,magnetic gauge-global mixed anomaly cancellation;magnetic superpotential consistency;global anomaly matching;central charge matching from encoded R-symmetry,anomaly;superpotential;anomaly;r_charge,3,12,9,3,12,681,theories/dp0_toric_N3_d1_node0_r_charge_perturb_02.A.json,theories/dp0_toric_N3_d1_node0_r_charge_perturb_02.B.json
dp0_toric_N3_d1_node0_r_charge_perturb_03,3260453066,dp0_toric:s2500693714:d1:nodes[0]:fe93ce617632,1,1,0,fe93ce617632133e574a70c373485dd484d0a08f099b20bdf3ea26d948e84bb0,r_charge_perturb,FAILED,not_dual,1,dp0_toric,dev,FAILED,02feb2e5cdbdb55f08ef51df90a25e2c310d78bd46a0c853c4bdadf74829fc96,,,,,,,,,magnetic gauge-global mixed anomaly cancellation;magnetic superpotential consistency;global anomaly matching;central charge matching from encoded R-symmetry,anomaly;superpotential;anomaly;r_charge,3,12,9,3,12,681,theories/dp0_toric_N3_d1_node0_r_charge_perturb_03.A.json,theories/dp0_toric_N3_d1_node0_r_charge_perturb_03.B.json
dp0_toric_N3_d1_node0_rank_perturb_00,3970682576,dp0_toric:s2500693714:d1:nodes[0]:fe93ce617632,1,1,0,fe93ce617632133e574a70c373485dd484d0a08f099b20bdf3ea26d948e84bb0,rank_perturb,FAILED,not_dual,1,dp0_toric,dev,FAILED,02feb2e5cdbdb55f08ef51df90a25e2c310d78bd46a0c853c4bdadf74829fc96,,,,,,,,,magnetic gauge anomaly cancellation;magnetic gauge-global mixed anomaly cancellation;global anomaly matching;central charge matching from encoded R-symmetry,anomaly;anomaly;anomaly;r_charge,3,12,9,3,12,681,theories/dp0_toric_N3_d1_node0_rank_perturb_00.A.json,theories/dp0_toric_N3_d1_node0_rank_perturb_00.B.json
dp0_toric_N3_d1_node0_rank_perturb_01,1627245358,dp0_toric:s2500693714:d1:nodes[0]:fe93ce617632,1,1,0,fe93ce617632133e574a70c373485dd484d0a08f099b20bdf3ea26d948e84bb0,rank_perturb,FAILED,not_dual,1,dp0_toric,dev,FAILED,02feb2e5cdbdb55f08ef51df90a25e2c310d78bd46a0c853c4bdadf74829fc96,,,,,,,,,magnetic gauge anomaly cancellation;magnetic gauge-global mixed anomaly cancellation;global anomaly matching;central charge matching from encoded R-symmetry,anomaly;anomaly;anomaly;r_charge,3,12,9,3,12,681,theories/dp0_toric_N3_d1_node0_rank_perturb_01.A.json,theories/dp0_toric_N3_d1_node0_rank_perturb_01.B.json
dp0_toric_N3_d1_node0_rank_perturb_02,546189112,dp0_toric:s2500693714:d1:nodes[0]:fe93ce617632,1,1,0,fe93ce617632133e574a70c373485dd484d0a08f099b20bdf3ea26d948e84bb0,rank_perturb,FAILED,not_dual,1,dp0_toric,dev,FAILED,02feb2e5cdbdb55f08ef51df90a25e2c310d78bd46a0c853c4bdadf74829fc96,,,,,,,,,magnetic gauge anomaly cancellation;magnetic gauge-global mixed anomaly cancellation;global anomaly matching;central charge matching from encoded R-symmetry,anomaly;anomaly;anomaly;r_charge,3,12,9,3,12,681,theories/dp0_toric_N3_d1_node0_rank_perturb_02.A.json,theories/dp0_toric_N3_d1_node0_rank_perturb_02.B.json
dp0_toric_N3_d1_node1_positive_00,3253169556,dp0_toric:s2912636658:d1:nodes[1]:10f3f77959a1,1,1,1,10f3f77959a1e97ab0a95f65c92d2a6fe8d9b997f95827d8dbe206f598dc913c,positive,CERTIFIED,dual,0,dp0_toric,dev,CERTIFIED,02feb2e5cdbdb55f08ef51df90a25e2c310d78bd46a0c853c4bdadf74829fc96,,,,,,,,,,,3,12,9,3,12,681,theories/dp0_toric_N3_d1_node1_positive_00.A.json,theories/dp0_toric_N3_d1_node1_positive_00.B.json
dp0_toric_N3_d1_node1_drop_w_term_00,602080047,dp0_toric:s2912636658:d1:nodes[1]:10f3f77959a1,1,1,1,10f3f77959a1e97ab0a95f65c92d2a6fe8d9b997f95827d8dbe206f598dc913c,drop_w_term,FAILED,not_dual,1,dp0_toric,dev,FAILED,02feb2e5cdbdb55f08ef51df90a25e2c310d78bd46a0c853c4bdadf74829fc96,,,,,,,,,bounded chiral-ring consistency,chiral_ring,3,12,8,3,12,665,theories/dp0_toric_N3_d1_node1_drop_w_term_00.A.json,theories/dp0_toric_N3_d1_node1_drop_w_term_00.B.json
dp0_toric_N3_d1_node1_drop_w_term_01,1797655376,dp0_toric:s2912636658:d1:nodes[1]:10f3f77959a1,1,1,1,10f3f77959a1e97ab0a95f65c92d2a6fe8d9b997f95827d8dbe206f598dc913c,drop_w_term,FAILED,not_dual,1,dp0_toric,dev,FAILED,02feb2e5cdbdb55f08ef51df90a25e2c310d78bd46a0c853c4bdadf74829fc96,,,,,,,,,bounded chiral-ring consistency,chiral_ring,3,12,8,3,12,665,theories/dp0_toric_N3_d1_node1_drop_w_term_01.A.json,theories/dp0_toric_N3_d1_node1_drop_w_term_01.B.json
dp0_toric_N3_d1_node1_drop_w_term_03,2416965410,dp0_toric:s2912636658:d1:nodes[1]:10f3f77959a1,1,1,1,10f3f77959a1e97ab0a95f65c92d2a6fe8d9b997f95827d8dbe206f598dc913c,drop_w_term,FAILED,not_dual,1,dp0_toric,dev,FAILED,02feb2e5cdbdb55f08ef51df90a25e2c310d78bd46a0c853c4bdadf74829fc96,,,,,,,,,bounded chiral-ring consistency,chiral_ring,3,12,8,3,12,665,theories/dp0_toric_N3_d1_node1_drop_w_term_03.A.json,theories/dp0_toric_N3_d1_node1_drop_w_term_03.B.json
dp0_toric_N3_d1_node1_flip_w_sign_00,2094112330,dp0_toric:s2912636658:d1:nodes[1]:10f3f77959a1,1,1,1,10f3f77959a1e97ab0a95f65c92d2a6fe8d9b997f95827d8dbe206f598dc913c,flip_w_sign,FAILED,not_dual,1,dp0_toric,dev,FAILED,02feb2e5cdbdb55f08ef51df90a25e2c310d78bd46a0c853c4bdadf74829fc96,,,,,,,,,bounded chiral-ring consistency,chiral_ring,3,12,9,3,12,682,theories/dp0_toric_N3_d1_node1_flip_w_sign_00.A.json,theories/dp0_toric_N3_d1_node1_flip_w_sign_00.B.json
dp0_toric_N3_d1_node1_flip_w_sign_01,2871611728,dp0_toric:s2912636658:d1:nodes[1]:10f3f77959a1,1,1,1,10f3f77959a1e97ab0a95f65c92d2a6fe8d9b997f95827d8dbe206f598dc913c,flip_w_sign,FAILED,not_dual,1,dp0_toric,dev,FAILED,02feb2e5cdbdb55f08ef51df90a25e2c310d78bd46a0c853c4bdadf74829fc96,,,,,,,,,bounded chiral-ring consistency,chiral_ring,3,12,9,3,12,682,theories/dp0_toric_N3_d1_node1_flip_w_sign_01.A.json,theories/dp0_toric_N3_d1_node1_flip_w_sign_01.B.json
dp0_toric_N3_d1_node1_r_charge_perturb_00,2166291379,dp0_toric:s2912636658:d1:nodes[1]:10f3f77959a1,1,1,1,10f3f77959a1e97ab0a95f65c92d2a6fe8d9b997f95827d8dbe206f598dc913c,r_charge_perturb,FAILED,not_dual,1,dp0_toric,dev,FAILED,02feb2e5cdbdb55f08ef51df90a25e2c310d78bd46a0c853c4bdadf74829fc96,,,,,,,,,magnetic gauge-global mixed anomaly cancellation;magnetic superpotential consistency;global anomaly matching;central charge matching from encoded R-symmetry,anomaly;superpotential;anomaly;r_charge,3,12,9,3,12,681,theories/dp0_toric_N3_d1_node1_r_charge_perturb_00.A.json,theories/dp0_toric_N3_d1_node1_r_charge_perturb_00.B.json
dp0_toric_N3_d1_node1_r_charge_perturb_01,1760586873,dp0_toric:s2912636658:d1:nodes[1]:10f3f77959a1,1,1,1,10f3f77959a1e97ab0a95f65c92d2a6fe8d9b997f95827d8dbe206f598dc913c,r_charge_perturb,FAILED,not_dual,1,dp0_toric,dev,FAILED,02feb2e5cdbdb55f08ef51df90a25e2c310d78bd46a0c853c4bdadf74829fc96,,,,,,,,,magnetic gauge-global mixed anomaly cancellation;magnetic superpotential consistency;global anomaly matching;central charge matching from encoded R-symmetry,anomaly;superpotential;anomaly;r_charge,3,12,9,3,12,681,theories/dp0_toric_N3_d1_node1_r_charge_perturb_01.A.json,theories/dp0_toric_N3_d1_node1_r_charge_perturb_01.B.json
dp0_toric_N3_d1_node1_r_charge_perturb_02,3211857466,dp0_toric:s2912636658:d1:nodes[1]:10f3f77959a1,1,1,1,10f3f77959a1e97ab0a95f65c92d2a6fe8d9b997f95827d8dbe206f598dc913c,r_charge_perturb,FAILED,not_dual,1,dp0_toric,dev,FAILED,02feb2e5cdbdb55f08ef51df90a25e2c310d78bd46a0c853c4bdadf74829fc96,,,,,,,,,magnetic gauge-global mixed anomaly cancellation;magnetic superpotential consistency;global anomaly matching;central charge matching from encoded R-symmetry,anomaly;superpotential;anomaly;r_charge,3,12,9,3,12,681,theories/dp0_toric_N3_d1_node1_r_charge_perturb_02.A.json,theories/dp0_toric_N3_d1_node1_r_charge_perturb_02.B.json
dp0_toric_N3_d1_node1_r_charge_perturb_03,2070138777,dp0_toric:s2912636658:d1:nodes[1]:10f3f77959a1,1,1,1,10f3f77959a1e97ab0a95f65c92d2a6fe8d9b997f95827d8dbe206f598dc913c,r_charge_perturb,FAILED,not_dual,1,dp0_toric,dev,FAILED,02feb2e5cdbdb55f08ef51df90a25e2c310d78bd46a0c853c4bdadf74829fc96,,,,,,,,,magnetic gauge-global mixed anomaly cancellation;magnetic superpotential consistency;global anomaly matching;central charge matching from encoded R-symmetry,anomaly;superpotential;anomaly;r_charge,3,12,9,3,12,681,theories/dp0_toric_N3_d1_node1_r_charge_perturb_03.A.json,theories/dp0_toric_N3_d1_node1_r_charge_perturb_03.B.json
dp0_toric_N3_d1_node1_rank_perturb_00,2179226842,dp0_toric:s2912636658:d1:nodes[1]:10f3f77959a1,1,1,1,10f3f77959a1e97ab0a95f65c92d2a6fe8d9b997f95827d8dbe206f598dc913c,rank_perturb,FAILED,not_dual,1,dp0_toric,dev,FAILED,02feb2e5cdbdb55f08ef51df90a25e2c310d78bd46a0c853c4bdadf74829fc96,,,,,,,,,magnetic gauge anomaly cancellation;magnetic gauge-global mixed anomaly cancellation;global anomaly matching;central charge matching from encoded R-symmetry,anomaly;anomaly;anomaly;r_charge,3,12,9,3,12,681,theories/dp0_toric_N3_d1_node1_rank_perturb_00.A.json,theories/dp0_toric_N3_d1_node1_rank_perturb_00.B.json
dp0_toric_N3_d1_node1_rank_perturb_01,1547470546,dp0_toric:s2912636658:d1:nodes[1]:10f3f77959a1,1,1,1,10f3f77959a1e97ab0a95f65c92d2a6fe8d9b997f95827d8dbe206f598dc913c,rank_perturb,FAILED,not_dual,1,dp0_toric,dev,FAILED,02feb2e5cdbdb55f08ef51df90a25e2c310d78bd46a0c853c4bdadf74829fc96,,,,,,,,,magnetic gauge anomaly cancellation;magnetic gauge-global mixed anomaly cancellation;global anomaly matching;central charge matching from encoded R-symmetry,anomaly;anomaly;anomaly;r_charge,3,12,9,3,12,681,theories/dp0_toric_N3_d1_node1_rank_perturb_01.A.json,theories/dp0_toric_N3_d1_node1_rank_perturb_01.B.json
dp0_toric_N3_d1_node1_rank_perturb_02,4230090699,dp0_toric:s2912636658:d1:nodes[1]:10f3f77959a1,1,1,1,10f3f77959a1e97ab0a95f65c92d2a6fe8d9b997f95827d8dbe206f598dc913c,rank_perturb,FAILED,not_dual,1,dp0_toric,dev,FAILED,02feb2e5cdbdb55f08ef51df90a25e2c310d78bd46a0c853c4bdadf74829fc96,,,,,,,,,magnetic gauge anomaly cancellation;magnetic gauge-global mixed anomaly cancellation;global anomaly matching;central charge matching from encoded R-symmetry,anomaly;anomaly;anomaly;r_charge,3,12,9,3,12,681,theories/dp0_toric_N3_d1_node1_rank_perturb_02.A.json,theories/dp0_toric_N3_d1_node1_rank_perturb_02.B.json
dp0_toric_N3_d1_node2_positive_00,3505813307,dp0_toric:s3642790115:d1:nodes[2]:a34094924ca4,1,1,2,a34094924ca439afa962aaf515d564cc63eb70a2d306fbd857349e0b64301f91,positive,CERTIFIED,dual,0,dp0_toric,dev,CERTIFIED,02feb2e5cdbdb55f08ef51df90a25e2c310d78bd46a0c853c4bdadf74829fc96,,,,,,,,,,,3,12,9,3,12,681,theories/dp0_toric_N3_d1_node2_positive_00.A.json,theories/dp0_toric_N3_d1_node2_positive_00.B.json
dp0_toric_N3_d1_node2_drop_w_term_00,3512852534,dp0_toric:s3642790115:d1:nodes[2]:a34094924ca4,1,1,2,a34094924ca439afa962aaf515d564cc63eb70a2d306fbd857349e0b64301f91,drop_w_term,FAILED,not_dual,1,dp0_toric,dev,FAILED,02feb2e5cdbdb55f08ef51df90a25e2c310d78bd46a0c853c4bdadf74829fc96,,,,,,,,,bounded chiral-ring consistency,chiral_ring,3,12,8,3,12,665,theories/dp0_toric_N3_d1_node2_drop_w_term_00.A.json,theories/dp0_toric_N3_d1_node2_drop_w_term_00.B.json
dp0_toric_N3_d1_node2_drop_w_term_01,2685778564,dp0_toric:s3642790115:d1:nodes[2]:a34094924ca4,1,1,2,a34094924ca439afa962aaf515d564cc63eb70a2d306fbd857349e0b64301f91,drop_w_term,FAILED,not_dual,1,dp0_toric,dev,FAILED,02feb2e5cdbdb55f08ef51df90a25e2c310d78bd46a0c853c4bdadf74829fc96,,,,,,,,,bounded chiral-ring consistency,chiral_ring,3,12,8,3,12,665,theories/dp0_toric_N3_d1_node2_drop_w_term_01.A.json,theories/dp0_toric_N3_d1_node2_drop_w_term_01.B.json
dp0_toric_N3_d1_node2_drop_w_term_02,1089870596,dp0_toric:s3642790115:d1:nodes[2]:a34094924ca4,1,1,2,a34094924ca439afa962aaf515d564cc63eb70a2d306fbd857349e0b64301f91,drop_w_term,FAILED,not_dual,1,dp0_toric,dev,FAILED,02feb2e5cdbdb55f08ef51df90a25e2c310d78bd46a0c853c4bdadf74829fc96,,,,,,,,,bounded chiral-ring consistency,chiral_ring,3,12,8,3,12,665,theories/dp0_toric_N3_d1_node2_drop_w_term_02.A.json,theories/dp0_toric_N3_d1_node2_drop_w_term_02.B.json
dp0_toric_N3_d1_node2_drop_w_term_03,147198633,dp0_toric:s3642790115:d1:nodes[2]:a34094924ca4,1,1,2,a34094924ca439afa962aaf515d564cc63eb70a2d306fbd857349e0b64301f91,drop_w_term,FAILED,not_dual,1,dp0_toric,dev,FAILED,02feb2e5cdbdb55f08ef51df90a25e2c310d78bd46a0c853c4bdadf74829fc96,,,,,,,,,bounded chiral-ring consistency,chiral_ring,3,12,8,3,12,665,theories/dp0_toric_N3_d1_node2_drop_w_term_03.A.json,theories/dp0_toric_N3_d1_node2_drop_w_term_03.B.json
dp0_toric_N3_d1_node2_flip_w_sign_00,3485681707,dp0_toric:s3642790115:d1:nodes[2]:a34094924ca4,1,1,2,a34094924ca439afa962aaf515d564cc63eb70a2d306fbd857349e0b64301f91,flip_w_sign,FAILED,not_dual,1,dp0_toric,dev,FAILED,02feb2e5cdbdb55f08ef51df90a25e2c310d78bd46a0c853c4bdadf74829fc96,,,,,,,,,bounded chiral-ring consistency,chiral_ring,3,12,9,3,12,682,theories/dp0_toric_N3_d1_node2_flip_w_sign_00.A.json,theories/dp0_toric_N3_d1_node2_flip_w_sign_00.B.json
dp0_toric_N3_d1_node2_flip_w_sign_03,1326483643,dp0_toric:s3642790115:d1:nodes[2]:a34094924ca4,1,1,2,a34094924ca439afa962aaf515d564cc63eb70a2d306fbd857349e0b64301f91,flip_w_sign,FAILED,not_dual,1,dp0_toric,dev,FAILED,02feb2e5cdbdb55f08ef51df90a25e2c310d78bd46a0c853c4bdadf74829fc96,,,,,,,,,bounded chiral-ring consistency,chiral_ring,3,12,9,3,12,682,theories/dp0_toric_N3_d1_node2_flip_w_sign_03.A.json,theories/dp0_toric_N3_d1_node2_flip_w_sign_03.B.json
dp0_toric_N3_d1_node2_r_charge_perturb_00,3249151528,dp0_toric:s3642790115:d1:nodes[2]:a34094924ca4,1,1,2,a34094924ca439afa962aaf515d564cc63eb70a2d306fbd857349e0b64301f91,r_charge_perturb,FAILED,not_dual,1,dp0_toric,dev,FAILED,02feb2e5cdbdb55f08ef51df90a25e2c310d78bd46a0c853c4bdadf74829fc96,,,,,,,,,magnetic gauge-global mixed anomaly cancellation;magnetic superpotential consistency;global anomaly matching;central charge matching from encoded R-symmetry,anomaly;superpotential;anomaly;r_charge,3,12,9,3,12,681,theories/dp0_toric_N3_d1_node2_r_charge_perturb_00.A.json,theories/dp0_toric_N3_d1_node2_r_charge_perturb_00.B.json
dp0_toric_N3_d1_node2_r_charge_perturb_01,4181168787,dp0_toric:s3642790115:d1:nodes[2]:a34094924ca4,1,1,2,a34094924ca439afa962aaf515d564cc63eb70a2d306fbd857349e0b64301f91,r_charge_perturb,FAILED,not_dual,1,dp0_toric,dev,FAILED,02feb2e5cdbdb55f08ef51df90a25e2c310d78bd46a0c853c4bdadf74829fc96,,,,,,,,,magnetic gauge-global mixed anomaly cancellation;magnetic superpotential consistency;global anomaly matching;central charge matching from encoded R-symmetry,anomaly;superpotential;anomaly;r_charge,3,12,9,3,12,681,theories/dp0_toric_N3_d1_node2_r_charge_perturb_01.A.json,theories/dp0_toric_N3_d1_node2_r_charge_perturb_01.B.json
dp0_toric_N3_d1_node2_r_charge_perturb_02,3184139336,dp0_toric:s3642790115:d1:nodes[2]:a34094924ca4,1,1,2,a34094924ca439afa962aaf515d564cc63eb70a2d306fbd857349e0b64301f91,r_charge_perturb,FAILED,not_dual,1,dp0_toric,dev,FAILED,02feb2e5cdbdb55f08ef51df90a25e2c310d78bd46a0c853c4bdadf74829fc96,,,,,,,,,magnetic gauge-global mixed anomaly cancellation;magnetic superpotential consistency;global anomaly matching;central charge matching from encoded R-symmetry,anomaly;superpotential;anomaly;r_charge,3,12,9,3,12,681,theories/dp0_toric_N3_d1_node2_r_charge_perturb_02.A.json,theories/dp0_toric_N3_d1_node2_r_charge_perturb_02.B.json
dp0_toric_N3_d1_node2_r_charge_perturb_03,2576282745,dp0_toric:s3642790115:d1:nodes[2]:a34094924ca4,1,1,2,a34094924ca439afa962aaf515d564cc63eb70a2d306fbd857349e0b64301f91,r_charge_perturb,FAILED,not_dual,1,dp0_toric,dev,FAILED,02feb2e5cdbdb55f08ef51df90a25e2c310d78bd46a0c853c4bdadf74829fc96,,,,,,,,,magnetic gauge-global mixed anomaly cancellation;magnetic superpotential consistency;global anomaly matching;central charge matching from encoded R-symmetry,anomaly;superpotential;anomaly;r_charge,3,12,9,3,12,681,theories/dp0_toric_N3_d1_node2_r_charge_perturb_03.A.json,theories/dp0_toric_N3_d1_node2_r_charge_perturb_03.B.json
dp0_toric_N3_d1_node2_rank_perturb_00,649235949,dp0_toric:s3642790115:d1:nodes[2]:a34094924ca4,1,1,2,a34094924ca439afa962aaf515d564cc63eb70a2d306fbd857349e0b64301f91,rank_perturb,FAILED,not_dual,1,dp0_toric,dev,FAILED,02feb2e5cdbdb55f08ef51df90a25e2c310d78bd46a0c853c4bdadf74829fc96,,,,,,,,,magnetic gauge anomaly cancellation;magnetic gauge-global mixed anomaly cancellation;global anomaly matching;central charge matching from encoded R-symmetry,anomaly;anomaly;anomaly;r_charge,3,12,9,3,12,681,theories/dp0_toric_N3_d1_node2_rank_perturb_00.A.json,theories/dp0_toric_N3_d1_node2_rank_perturb_00.B.json
dp0_toric_N3_d1_node2_rank_perturb_01,1317893296,dp0_toric:s3642790115:d1:nodes[2]:a34094924ca4,1,1,2,a34094924ca439afa962aaf515d564cc63eb70a2d306fbd857349e0b64301f91,rank_perturb,FAILED,not_dual,1,dp0_toric,dev,FAILED,02feb2e5cdbdb55f08ef51df90a25e2c310d78bd46a0c853c4bdadf74829fc96,,,,,,,,,magnetic gauge anomaly cancellation;magnetic gauge-global mixed anomaly cancellation;global anomaly matching;central charge matching from encoded R-symmetry,anomaly;anomaly;anomaly;r_charge,3,12,9,3,12,681,theories/dp0_toric_N3_d1_node2_rank_perturb_01.A.json,theories/dp0_toric_N3_d1_node2_rank_perturb_01.B.json
dp0_toric_N3_d1_node2_rank_perturb_03,2172199905,dp0_toric:s3642790115:d1:nodes[2]:a34094924ca4,1,1,2,a34094924ca439afa962aaf515d564cc63eb70a2d306fbd857349e0b64301f91,rank_perturb,FAILED,not_dual,1,dp0_toric,dev,FAILED,02feb2e5cdbdb55f08ef51df90a25e2c310d78bd46a0c853c4bdadf74829fc96,,,,,,,,,magnetic gauge anomaly cancellation;magnetic gauge-global mixed anomaly cancellation;global anomaly matching;central charge matching from encoded R-symmetry,anomaly;anomaly;anomaly;r_charge,3,12,9,3,12,681,theories/dp0_toric_N3_d1_node2_rank_perturb_03.A.json,theories/dp0_toric_N3_d1_node2_rank_perturb_03.B.json
dp0_toric_N4_d1_node0_positive_00,1631334381,dp0_toric:s1633113880:d1:nodes[0]:9155067f6575,1,1,0,9155067f65754d4d8131d7337a1f6f589c4fd4c6ba36ce91a2fff48eab2df03c,positive,CERTIFIED,dual,0,dp0_toric,dev,CERTIFIED,02feb2e5cdbdb55f08ef51df90a25e2c310d78bd46a0c853c4bdadf74829fc96,,,,,,,,,,,3,12,9,3,12,681,theories/dp0_toric_N4_d1_node0_positive_00.A.json,theories/dp0_toric_N4_d1_node0_positive_00.B.json
dp0_toric_N4_d1_node0_drop_w_term_00,2804763807,dp0_toric:s1633113880:d1:nodes[0]:9155067f6575,1,1,0,9155067f65754d4d8131d7337a1f6f589c4fd4c6ba36ce91a2fff48eab2df03c,drop_w_term,FAILED,not_dual,1,dp0_toric,dev,FAILED,02feb2e5cdbdb55f08ef51df90a25e2c310d78bd46a0c853c4bdadf74829fc96,,,,,,,,,bounded chiral-ring consistency,chiral_ring,3,12,8,3,12,665,theories/dp0_toric_N4_d1_node0_drop_w_term_00.A.json,theories/dp0_toric_N4_d1_node0_drop_w_term_00.B.json
dp0_toric_N4_d1_node0_drop_w_term_01,105243162,dp0_toric:s1633113880:d1:nodes[0]:9155067f6575,1,1,0,9155067f65754d4d8131d7337a1f6f589c4fd4c6ba36ce91a2fff48eab2df03c,drop_w_term,FAILED,not_dual,1,dp0_toric,dev,FAILED,02feb2e5cdbdb55f08ef51df90a25e2c310d78bd46a0c853c4bdadf74829fc96,,,,,,,,,bounded chiral-ring consistency,chiral_ring,3,12,8,3,12,665,theories/dp0_toric_N4_d1_node0_drop_w_term_01.A.json,theories/dp0_toric_N4_d1_node0_drop_w_term_01.B.json
dp0_toric_N4_d1_node0_drop_w_term_02,2203619922,dp0_toric:s1633113880:d1:nodes[0]:9155067f6575,1,1,0,9155067f65754d4d8131d7337a1f6f589c4fd4c6ba36ce91a2fff48eab2df03c,drop_w_term,FAILED,not_dual,1,dp0_toric,dev,FAILED,02feb2e5cdbdb55f08ef51df90a25e2c310d78bd46a0c853c4bdadf74829fc96,,,,,,,,,bounded chiral-ring consistency,chiral_ring,3,12,8,3,12,665,theories/dp0_toric_N4_d1_node0_drop_w_term_02.A.json,theories/dp0_toric_N4_d1_node0_drop_w_term_02.B.json
dp0_toric_N4_d1_node0_flip_w_sign_00,986839226,dp0_toric:s1633113880:d1:nodes[0]:9155067f6575,1,1,0,9155067f65754d4d8131d7337a1f6f589c4fd4c6ba36ce91a2fff48eab2df03c,flip_w_sign,FAILED,not_dual,1,dp0_toric,dev,FAILED,02feb2e5cdbdb55f08ef51df90a25e2c310d78bd46a0c853c4bdadf74829fc96,,,,,,,,,bounded chiral-ring consistency,chiral_ring,3,12,9,3,12,682,theories/dp0_toric_N4_d1_node0_flip_w_sign_00.A.json,theories/dp0_toric_N4_d1_node0_flip_w_sign_00.B.json
dp0_toric_N4_d1_node0_flip_w_sign_01,208197097,dp0_toric:s1633113880:d1:nodes[0]:9155067f6575,1,1,0,9155067f65754d4d8131d7337a1f6f589c4fd4c6ba36ce91a2fff48eab2df03c,flip_w_sign,FAILED,not_dual,1,dp0_toric,dev,FAILED,02feb2e5cdbdb55f08ef51df90a25e2c310d78bd46a0c853c4bdadf74829fc96,,,,,,,,,bounded chiral-ring consistency,chiral_ring,3,12,9,3,12,682,theories/dp0_toric_N4_d1_node0_flip_w_sign_01.A.json,theories/dp0_toric_N4_d1_node0_flip_w_sign_01.B.json
dp0_toric_N4_d1_node0_flip_w_sign_02,3625688469,dp0_toric:s1633113880:d1:nodes[0]:9155067f6575,1,1,0,9155067f65754d4d8131d7337a1f6f589c4fd4c6ba36ce91a2fff48eab2df03c,flip_w_sign,FAILED,not_dual,1,dp0_toric,dev,FAILED,02feb2e5cdbdb55f08ef51df90a25e2c310d78bd46a0c853c4bdadf74829fc96,,,,,,,,,bounded chiral-ring consistency,chiral_ring,3,12,9,3,12,682,theories/dp0_toric_N4_d1_node0_flip_w_sign_02.A.json,theories/dp0_toric_N4_d1_node0_flip_w_sign_02.B.json
dp0_toric_N4_d1_node0_r_charge_perturb_00,3982451879,dp0_toric:s1633113880:d1:nodes[0]:9155067f6575,1,1,0,9155067f65754d4d8131d7337a1f6f589c4fd4c6ba36ce91a2fff48eab2df03c,r_charge_perturb,FAILED,not_dual,1,dp0_toric,dev,FAILED,02feb2e5cdbdb55f08ef51df90a25e2c310d78bd46a0c853c4bdadf74829fc96,,,,,,,,,magnetic gauge-global mixed anomaly cancellation;magnetic superpotential consistency;global anomaly matching;central charge matching from encoded R-symmetry,anomaly;superpotential;anomaly;r_charge,3,12,9,3,12,681,theories/dp0_toric_N4_d1_node0_r_charge_perturb_00.A.json,theories/dp0_toric_N4_d1_node0_r_charge_perturb_00.B.json
dp0_toric_N4_d1_node0_r_charge_perturb_01,1411524677,dp0_toric:s1633113880:d1:nodes[0]:9155067f6575,1,1,0,9155067f65754d4d8131d7337a1f6f589c4fd4c6ba36ce91a2fff48eab2df03c,r_charge_perturb,FAILED,not_dual,1,dp0_toric,dev,FAILED,02feb2e5cdbdb55f08ef51df90a25e2c310d78bd46a0c853c4bdadf74829fc96,,,,,,,,,magnetic gauge-global mixed anomaly cancellation;magnetic superpotential consistency;global anomaly matching;central charge matching from encoded R-symmetry,anomaly;superpotential;anomaly;r_charge,3,12,9,3,12,681,theories/dp0_toric_N4_d1_node0_r_charge_perturb_01.A.json,theories/dp0_toric_N4_d1_node0_r_charge_perturb_01.B.json
dp0_toric_N4_d1_node0_r_charge_perturb_02,1194832613,dp0_toric:s1633113880:d1:nodes[0]:9155067f6575,1,1,0,9155067f65754d4d8131d7337a1f6f589c4fd4c6ba36ce91a2fff48eab2df03c,r_charge_perturb,FAILED,not_dual,1,dp0_toric,dev,FAILED,02feb2e5cdbdb55f08ef51df90a25e2c310d78bd46a0c853c4bdadf74829fc96,,,,,,,,,magnetic gauge-global mixed anomaly cancellation;magnetic superpotential consistency;global anomaly matching;central charge matching from encoded R-symmetry,anomaly;superpotential;anomaly;r_charge,3,12,9,3,12,681,theories/dp0_toric_N4_d1_node0_r_charge_perturb_02.A.json,theories/dp0_toric_N4_d1_node0_r_charge_perturb_02.B.json
dp0_toric_N4_d1_node0_r_charge_perturb_03,1226361767,dp0_toric:s1633113880:d1:nodes[0]:9155067f6575,1,1,0,9155067f65754d4d8131d7337a1f6f589c4fd4c6ba36ce91a2fff48eab2df03c,r_charge_perturb,FAILED,not_dual,1,dp0_toric,dev,FAILED,02feb2e5cdbdb55f08ef51df90a25e2c310d78bd46a0c853c4bdadf74829fc96,,,,,,,,,magnetic gauge-global mixed anomaly cancellation;magnetic superpotential consistency;global anomaly matching;central charge matching from encoded R-symmetry,anomaly;superpotential;anomaly;r_charge,3,12,9,3,12,681,theories/dp0_toric_N4_d1_node0_r_charge_perturb_03.A.json,theories/dp0_toric_N4_d1_node0_r_charge_perturb_03.B.json
dp0_toric_N4_d1_node0_rank_perturb_00,2097243418,dp0_toric:s1633113880:d1:nodes[0]:9155067f6575,1,1,0,9155067f65754d4d8131d7337a1f6f589c4fd4c6ba36ce91a2fff48eab2df03c,rank_perturb,FAILED,not_dual,1,dp0_toric,dev,FAILED,02feb2e5cdbdb55f08ef51df90a25e2c310d78bd46a0c853c4bdadf74829fc96,,,,,,,,,magnetic gauge anomaly cancellation;magnetic gauge-global mixed anomaly cancellation;global anomaly matching;central charge matching from encoded R-symmetry,anomaly;anomaly;anomaly;r_charge,3,12,9,3,12,681,theories/dp0_toric_N4_d1_node0_rank_perturb_00.A.json,theories/dp0_toric_N4_d1_node0_rank_perturb_00.B.json
dp0_toric_N4_d1_node0_rank_perturb_01,153859773,dp0_toric:s1633113880:d1:nodes[0]:9155067f6575,1,1,0,9155067f65754d4d8131d7337a1f6f589c4fd4c6ba36ce91a2fff48eab2df03c,rank_perturb,FAILED,not_dual,1,dp0_toric,dev,FAILED,02feb2e5cdbdb55f08ef51df90a25e2c310d78bd46a0c853c4bdadf74829fc96,,,,,,,,,magnetic gauge anomaly cancellation;magnetic gauge-global mixed anomaly cancellation;global anomaly matching;central charge matching from encoded R-symmetry,anomaly;anomaly;anomaly;r_charge,3,12,9,3,12,681,theories/dp0_toric_N4_d1_node0_rank_perturb_01.A.json,theories/dp0_toric_N4_d1_node0_rank_perturb_01.B.json
dp0_toric_N4_d1_node0_rank_perturb_02,3612914167,dp0_toric:s1633113880:d1:nodes[0]:9155067f6575,1,1,0,9155067f65754d4d8131d7337a1f6f589c4fd4c6ba36ce91a2fff48eab2df03c,rank_perturb,FAILED,not_dual,1,dp0_toric,dev,FAILED,02feb2e5cdbdb55f08ef51df90a25e2c310d78bd46a0c853c4bdadf74829fc96,,,,,,,,,magnetic gauge anomaly cancellation;magnetic gauge-global mixed anomaly cancellation;global anomaly matching;central charge matching from encoded R-symmetry,anomaly;anomaly;anomaly;r_charge,3,12,9,3,12,681,theories/dp0_toric_N4_d1_node0_rank_perturb_02.A.json,theories/dp0_toric_N4_d1_node0_rank_perturb_02.B.json
dp0_toric_N4_d1_node0_rank_perturb_03,510455497,dp0_toric:s1633113880:d1:nodes[0]:9155067f6575,1,1,0,9155067f65754d4d8131d7337a1f6f589c4fd4c6ba36ce91a2fff48eab2df03c,rank_perturb,FAILED,not_dual,1,dp0_toric,dev,FAILED,02feb2e5cdbdb55f08ef51df90a25e2c310d78bd46a0c853c4bdadf74829fc96,,,,,,,,,magnetic gauge anomaly cancellation;magnetic gauge-global mixed anomaly cancellation;global anomaly matching;central charge matching from encoded R-symmetry,anomaly;anomaly;anomaly;r_charge,3,12,9,3,12,681,theories/dp0_toric_N4_d1_node0_rank_perturb_03.A.json,theories/dp0_toric_N4_d1_node0_rank_perturb_03.B.json
f0_phase_ii_N3_d1_node0_positive_00,2633762043,f0_phase_ii:s3681706807:d1:nodes[0]:8ffe02c0b562,1,1,0,8ffe02c0b5624885126cf119130519b67a111235cd02c2f1da08095a4c6ff23e,positive,CERTIFIED,dual,0,f0_phase_ii,dev,CERTIFIED,02feb2e5cdbdb55f08ef51df90a25e2c310d78bd46a0c853c4bdadf74829fc96,,,,,,,,,,,4,20,16,3,20,1018,theories/f0_phase_ii_N3_d1_node0_positive_00.A.json,theories/f0_phase_ii_N3_d1_node0_positive_00.B.json
f0_phase_ii_N3_d1_node0_drop_w_term_00,4241995284,f0_phase_ii:s3681706807:d1:nodes[0]:8ffe02c0b562,1,1,0,8ffe02c0b5624885126cf119130519b67a111235cd02c2f1da08095a4c6ff23e,drop_w_term,FAILED,not_dual,1,f0_phase_ii,dev,FAILED,02feb2e5cdbdb55f08ef51df90a25e2c310d78bd46a0c853c4bdadf74829fc96,,,,,,,,,bounded chiral-ring consistency,chiral_ring,4,20,15,3,20,1001,theories/f0_phase_ii_N3_d1_node0_drop_w_term_00.A.json,theories/f0_phase_ii_N3_d1_node0_drop_w_term_00.B.json
f0_phase_ii_N3_d1_node0_drop_w_term_01,2107562695,f0_phase_ii:s3681706807:d1:nodes[0]:8ffe02c0b562,1,1,0,8ffe02c0b5624885126cf119130519b67a111235cd02c2f1da08095a4c6ff23e,drop_w_term,FAILED,not_dual,1,f0_phase_ii,dev,FAILED,02feb2e5cdbdb55f08ef51df90a25e2c310d78bd46a0c853c4bdadf74829fc96,,,,,,,,,bounded chiral-ring consistency,chiral_ring,4,20,15,3,20,1001,theories/f0_phase_ii_N3_d1_node0_drop_w_term_01.A.json,theories/f0_phase_ii_N3_d1_node0_drop_w_term_01.B.json
f0_phase_ii_N3_d1_node0_drop_w_term_02,147309562,f0_phase_ii:s3681706807:d1:nodes[0]:8ffe02c0b562,1,1,0,8ffe02c0b5624885126cf119130519b67a111235cd02c2f1da08095a4c6ff23e,drop_w_term,FAILED,not_dual,1,f0_phase_ii,dev,FAILED,02feb2e5cdbdb55f08ef51df90a25e2c310d78bd46a0c853c4bdadf74829fc96,,,,,,,,,bounded chiral-ring consistency,chiral_ring,4,20,15,3,20,1001,theories/f0_phase_ii_N3_d1_node0_drop_w_term_02.A.json,theories/f0_phase_ii_N3_d1_node0_drop_w_term_02.B.json
f0_phase_ii_N3_d1_node0_drop_w_term_03,2844849016,f0_phase_ii:s3681706807:d1:nodes[0]:8ffe02c0b562,1,1,0,8ffe02c0b5624885126cf119130519b67a111235cd02c2f1da08095a4c6ff23e,drop_w_term,FAILED,not_dual,1,f0_phase_ii,dev,FAILED,02feb2e5cdbdb55f08ef51df90a25e2c310d78bd46a0c853c4bdadf74829fc96,,,,,,,,,bounded chiral-ring consistency,chiral_ring,4,20,15,3,20,1001,theories/f0_phase_ii_N3_d1_node0_drop_w_term_03.A.json,theories/f0_phase_ii_N3_d1_node0_drop_w_term_03.B.json
f0_phase_ii_N3_d1_node0_flip_w_sign_00,3153816434,f0_phase_ii:s3681706807:d1:nodes[0]:8ffe02c0b562,1,1,0,8ffe02c0b5624885126cf119130519b67a111235cd02c2f1da08095a4c6ff23e,flip_w_sign,FAILED,not_dual,1,f0_phase_ii,dev,FAILED,02feb2e5cdbdb55f08ef51df90a25e2c310d78bd46a0c853c4bdadf74829fc96,,,,,,,,,bounded chiral-ring consistency,chiral_ring,4,20,16,3,20,1018,theories/f0_phase_ii_N3_d1_node0_flip_w_sign_00.A.json,theories/f0_phase_ii_N3_d1_node0_flip_w_sign_00.B.json
f0_phase_ii_N3_d1_node0_flip_w_sign_02,2502389258,f0_phase_ii:s3681706807:d1:nodes[0]:8ffe02c0b562,1,1,0,8ffe02c0b5624885126cf119130519b67a111235cd02c2f1da08095a4c6ff23e,flip_w_sign,FAILED,not_dual,1,f0_phase_ii,dev,FAILED,02feb2e5cdbdb55f08ef51df90a25e2c310d78bd46a0c853c4bdadf74829fc96,,,,,,,,,bounded chiral-ring consistency,chiral_ring,4,20,16,3,20,1018,theories/f0_phase_ii_N3_d1_node0_flip_w_sign_02.A.json,theories/f0_phase_ii_N3_d1_node0_flip_w_sign_02.B.json
f0_phase_ii_N3_d1_node0_r_charge_perturb_00,652487354,f0_phase_ii:s3681706807:d1:nodes[0]:8ffe02c0b562,1,1,0,8ffe02c0b5624885126cf119130519b67a111235cd02c2f1da08095a4c6ff23e,r_charge_perturb,FAILED,not_dual,1,f0_phase_ii,dev,FAILED,02feb2e5cdbdb55f08ef51df90a25e2c310d78bd46a0c853c4bdadf74829fc96,,,,,,,,,magnetic gauge-global mixed anomaly cancellation;magnetic superpotential consistency;global anomaly matching;central charge matching from encoded R-symmetry,anomaly;superpotential;anomaly;r_charge,4,20,16,3,20,1018,theories/f0_phase_ii_N3_d1_node0_r_charge_perturb_00.A.json,theories/f0_phase_ii_N3_d1_node0_r_charge_perturb_00.B.json
f0_phase_ii_N3_d1_node0_r_charge_perturb_01,2276158846,f0_phase_ii:s3681706807:d1:nodes[0]:8ffe02c0b562,1,1,0,8ffe02c0b5624885126cf119130519b67a111235cd02c2f1da08095a4c6ff23e,r_charge_perturb,FAILED,not_dual,1,f0_phase_ii,dev,FAILED,02feb2e5cdbdb55f08ef51df90a25e2c310d78bd46a0c853c4bdadf74829fc96,,,,,,,,,magnetic gauge-global mixed anomaly cancellation;magnetic superpotential consistency;global anomaly matching;central charge matching from encoded R-symmetry,anomaly;superpotential;anomaly;r_charge,4,20,16,3,20,1018,theories/f0_phase_ii_N3_d1_node0_r_charge_perturb_01.A.json,theories/f0_phase_ii_N3_d1_node0_r_charge_perturb_01.B.json
f0_phase_ii_N3_d1_node0_r_charge_perturb_02,858184256,f0_phase_ii:s3681706807:d1:nodes[0]:8ffe02c0b562,1,1,0,8ffe02c0b5624885126cf119130519b67a111235cd02c2f1da08095a4c6ff23e,r_charge_perturb,FAILED,not_dual,1,f0_phase_ii,dev,FAILED,02feb2e5cdbdb55f08ef51df90a25e2c310d78bd46a0c853c4bdadf74829fc96,,,,,,,,,magnetic gauge-global mixed anomaly cancellation;magnetic superpotential consistency;global anomaly matching;central charge matching from encoded R-symmetry,anomaly;superpotential;anomaly;r_charge,4,20,16,3,20,1018,theories/f0_phase_ii_N3_d1_node0_r_charge_perturb_02.A.json,theories/f0_phase_ii_N3_d1_node0_r_charge_perturb_02.B.json
f0_phase_ii_N3_d1_node0_r_charge_perturb_03,3603756216,f0_phase_ii:s3681706807:d1:nodes[0]:8ffe02c0b562,1,1,0,8ffe02c0b5624885126cf119130519b67a111235cd02c2f1da08095a4c6ff23e,r_charge_perturb,FAILED,not_dual,1,f0_phase_ii,dev,FAILED,02feb2e5cdbdb55f08ef51df90a25e2c310d78bd46a0c853c4bdadf74829fc96,,,,,,,,,magnetic gauge-global mixed anomaly cancellation;magnetic superpotential consistency;global anomaly matching;central charge matching from encoded R-symmetry,anomaly;superpotential;anomaly;r_charge,4,20,16,3,20,1018,theories/f0_phase_ii_N3_d1_node0_r_charge_perturb_03.A.json,theories/f0_phase_ii_N3_d1_node0_r_charge_perturb_03.B.json
f0_phase_ii_N3_d1_node0_rank_perturb_00,3782248315,f0_phase_ii:s3681706807:d1:nodes[0]:8ffe02c0b562,1,1,0,8ffe02c0b5624885126cf119130519b67a111235cd02c2f1da08095a4c6ff23e,rank_perturb,FAILED,not_dual,1,f0_phase_ii,dev,FAILED,02feb2e5cdbdb55f08ef51df90a25e2c310d78bd46a0c853c4bdadf74829fc96,,,,,,,,,magnetic gauge anomaly cancellation;magnetic gauge-global mixed anomaly cancellation;global anomaly matching;central charge matching from encoded R-symmetry,anomaly;anomaly;anomaly;r_charge,4,20,16,3,20,1018,theories/f0_phase_ii_N3_d1_node0_rank_perturb_00.A.json,theories/f0_phase_ii_N3_d1_node0_rank_perturb_00.B.json
f0_phase_ii_N3_d1_node0_rank_perturb_01,2727147271,f0_phase_ii:s3681706807:d1:nodes[0]:8ffe02c0b562,1,1,0,8ffe02c0b5624885126cf119130519b67a111235cd02c2f1da08095a4c6ff23e,rank_perturb,FAILED,not_dual,1,f0_phase_ii,dev,FAILED,02feb2e5cdbdb55f08ef51df90a25e2c310d78bd46a0c853c4bdadf74829fc96,,,,,,,,,magnetic gauge anomaly cancellation;magnetic gauge-global mixed anomaly cancellation;global anomaly matching;central charge matching from encoded R-symmetry,anomaly;anomaly;anomaly;r_charge,4,20,16,3,20,1018,theories/f0_phase_ii_N3_d1_node0_rank_perturb_01.A.json,theories/f0_phase_ii_N3_d1_node0_rank_perturb_01.B.json
f0_phase_ii_N3_d1_node0_rank_perturb_02,2280662939,f0_phase_ii:s3681706807:d1:nodes[0]:8ffe02c0b562,1,1,0,8ffe02c0b5624885126cf119130519b67a111235cd02c2f1da08095a4c6ff23e,rank_perturb,FAILED,not_dual,1,f0_phase_ii,dev,FAILED,02feb2e5cdbdb55f08ef51df90a25e2c310d78bd46a0c853c4bdadf74829fc96,,,,,,,,,magnetic gauge anomaly cancellation;magnetic gauge-global mixed anomaly cancellation;global anomaly matching;central charge matching from encoded R-symmetry,anomaly;anomaly;anomaly;r_charge,4,20,16,3,20,1018,theories/f0_phase_ii_N3_d1_node0_rank_perturb_02.A.json,theories/f0_phase_ii_N3_d1_node0_rank_perturb_02.B.json
f0_phase_ii_N3_d1_node2_positive_00,255565392,f0_phase_ii:s192430121:d1:nodes[2]:f1c6af18867d,1,1,2,f1c6af18867d37bcd5f1807684a4c0d1d46d44d3c8e2b83b8cb7edcebb8d8c32,positive,CERTIFIED,dual,0,f0_phase_ii,dev,CERTIFIED,02feb2e5cdbdb55f08ef51df90a25e2c310d78bd46a0c853c4bdadf74829fc96,,,,,,,,,,,4,20,16,3,20,1018,theories/f0_phase_ii_N3_d1_node2_positive_00.A.json,theories/f0_phase_ii_N3_d1_node2_positive_00.B.json
f0_phase_ii_N3_d1_node2_drop_w_term_00,1748291878,f0_phase_ii:s192430121:d1:nodes[2]:f1c6af18867d,1,1,2,f1c6af18867d37bcd5f1807684a4c0d1d46d44d3c8e2b83b8cb7edcebb8d8c32,drop_w_term,FAILED,not_dual,1,f0_phase_ii,dev,FAILED,02feb2e5cdbdb55f08ef51df90a25e2c310d78bd46a0c853c4bdadf74829fc96,,,,,,,,,bounded chiral-ring consistency,chiral_ring,4,20,15,3,20,1001,theories/f0_phase_ii_N3_d1_node2_drop_w_term_00.A.json,theories/f0_phase_ii_N3_d1_node2_drop_w_term_00.B.json
f0_phase_ii_N3_d1_node2_drop_w_term_02,1956478170,f0_phase_ii:s192430121:d1:nodes[2]:f1c6af18867d,1,1,2,f1c6af18867d37bcd5f1807684a4c0d1d46d44d3c8e2b83b8cb7edcebb8d8c32,drop_w_term,FAILED,not_dual,1,f0_phase_ii,dev,FAILED,02feb2e5cdbdb55f08ef51df90a25e2c310d78bd46a0c853c4bdadf74829fc96,,,,,,,,,bounded chiral-ring consistency,chiral_ring,4,20,15,3,20,1001,theories/f0_phase_ii_N3_d1_node2_drop_w_term_02.A.json,theories/f0_phase_ii_N3_d1_node2_drop_w_term_02.B.json
f0_phase_ii_N3_d1_node2_drop_w_term_03,2418758834,f0_phase_ii:s192430121:d1:nodes[2]:f1c6af18867d,1,1,2,f1c6af18867d37bcd5f1807684a4c0d1d46d44d3c8e2b83b8cb7edcebb8d8c32,drop_w_term,FAILED,not_dual,1,f0_phase_ii,dev,FAILED,02feb2e5cdbdb55f08ef51df90a25e2c310d78bd46a0c853c4bdadf74829fc96,,,,,,,,,bounded chiral-ring consistency,chiral_ring,4,20,15,3,20,1001,theories/f0_phase_ii_N3_d1_node2_drop_w_term_03.A.json,theories/f0_phase_ii_N3_d1_node2_drop_w_term_03.B.json
f0_phase_ii_N3_d1_node2_flip_w_sign_01,549013753,f0_phase_ii:s192430121:d1:nodes[2]:f1c6af18867d,1,1,2,f1c6af18867d37bcd5f1807684a4c0d1d46d44d3c8e2b83b8cb7edcebb8d8c32,flip_w_sign,FAILED,not_dual,1,f0_phase_ii,dev,FAILED,02feb2e5cdbdb55f08ef51df90a25e2c310d78bd46a0c853c4bdadf74829fc96,,,,,,,,,bounded chiral-ring consistency,chiral_ring,4,20,16,3,20,1018,theories/f0_phase_ii_N3_d1_node2_flip_w_sign_01.A.json,theories/f0_phase_ii_N3_d1_node2_flip_w_sign_01.B.json
f0_phase_ii_N3_d1_node2_flip_w_sign_02,1033207676,f0_phase_ii:s192430121:d1:nodes[2]:f1c6af18867d,1,1,2,f1c6af18867d37bcd5f1807684a4c0d1d46d44d3c8e2b83b8cb7edcebb8d8c32,flip_w_sign,FAILED,not_dual,1,f0_phase_ii,dev,FAILED,02feb2e5cdbdb55f08ef51df90a25e2c310d78bd46a0c853c4bdadf74829fc96,,,,,,,,,bounded chiral-ring consistency,chiral_ring,4,20,16,3,20,1018,theories/f0_phase_ii_N3_d1_node2_flip_w_sign_02.A.json,theories/f0_phase_ii_N3_d1_node2_flip_w_sign_02.B.json
f0_phase_ii_N3_d1_node2_flip_w_sign_03,2112141018,f0_phase_ii:s192430121:d1:nodes[2]:f1c6af18867d,1,1,2,f1c6af18867d37bcd5f1807684a4c0d1d46d44d3c8e2b83b8cb7edcebb8d8c32,flip_w_sign,FAILED,not_dual,1,f0_phase_ii,dev,FAILED,02feb2e5cdbdb55f08ef51df90a25e2c310d78bd46a0c853c4bdadf74829fc96,,,,,,,,,bounded chiral-ring consistency,chiral_ring,4,20,16,3,20,1018,theories/f0_phase_ii_N3_d1_node2_flip_w_sign_03.A.json,theories/f0_phase_ii_N3_d1_node2_flip_w_sign_03.B.json
f0_phase_ii_N3_d1_node2_r_charge_perturb_00,1802488595,f0_phase_ii:s192430121:d1:nodes[2]:f1c6af18867d,1,1,2,f1c6af18867d37bcd5f1807684a4c0d1d46d44d3c8e2b83b8cb7edcebb8d8c32,r_charge_perturb,FAILED,not_dual,1,f0_phase_ii,dev,FAILED,02feb2e5cdbdb55f08ef51df90a25e2c310d78bd46a0c853c4bdadf74829fc96,,,,,,,,,magnetic gauge-global mixed anomaly cancellation;magnetic superpotential consistency;global anomaly matching;central charge matching from encoded R-symmetry,anomaly;superpotential;anomaly;r_charge,4,20,16,3,20,1018,theories/f0_phase_ii_N3_d1_node2_r_charge_perturb_00.A.json,theories/f0_phase_ii_N3_d1_node2_r_charge_perturb_00.B.json
f0_phase_ii_N3_d1_node2_r_charge_perturb_02,4191783005,f0_phase_ii:s192430121:d1:nodes[2]:f1c6af18867d,1,1,2,f1c6af18867d37bcd5f1807684a4c0d1d46d44d3c8e2b83b8cb7edcebb8d8c32,r_charge_perturb,FAILED,not_dual,1,f0_phase_ii,dev,FAILED,02feb2e5cdbdb55f08ef51df90a25e2c310d78bd46a0c853c4bdadf74829fc96,,,,,,,,,magnetic gauge-global mixed anomaly cancellation;magnetic superpotential consistency;global anomaly matching;central charge matching from encoded R-symmetry,anomaly;superpotential;anomaly;r_charge,4,20,16,3,20,1018,theories/f0_phase_ii_N3_d1_node2_r_charge_perturb_02.A.json,theories/f0_phase_ii_N3_d1_node2_r_charge_perturb_02.B.json
f0_phase_ii_N3_d1_node2_r_charge_perturb_03,834881951,f0_phase_ii:s192430121:d1:nodes[2]:f1c6af18867d,1,1,2,f1c6af18867d37bcd5f1807684a4c0d1d46d44d3c8e2b83b8cb7edcebb8d8c32,r_charge_perturb,FAILED,not_dual,1,f0_phase_ii,dev,FAILED,02feb2e5cdbdb55f08ef51df90a25e2c310d78bd46a0c853c4bdadf74829fc96,,,,,,,,,magnetic gauge-global mixed anomaly cancellation;magnetic superpotential consistency;global anomaly matching;central charge matching from encoded R-symmetry,anomaly;superpotential;anomaly;r_charge,4,20,16,3,20,1018,theories/f0_phase_ii_N3_d1_node2_r_charge_perturb_03.A.json,theories/f0_phase_ii_N3_d1_node2_r_charge_perturb_03.B.json
f0_phase_ii_N3_d1_node2_rank_perturb_00,3980910911,f0_phase_ii:s192430121:d1:nodes[2]:f1c6af18867d,1,1,2,f1c6af18867d37bcd5f1807684a4c0d1d46d44d3c8e2b83b8cb7edcebb8d8c32,rank_perturb,FAILED,not_dual,1,f0_phase_ii,dev,FAILED,02feb2e5cdbdb55f08ef51df90a25e2c310d78bd46a0c853c4bdadf74829fc96,,,,,,,,,magnetic gauge anomaly cancellation;magnetic gauge-global mixed anomaly cancellation;global anomaly matching;central charge matching from encoded R-symmetry,anomaly;anomaly;anomaly;r_charge,4,20,16,3,20,1018,theories/f0_phase_ii_N3_d1_node2_rank_perturb_00.A.json,theories/f0_phase_ii_N3_d1_node2_rank_perturb_00.B.json
f0_phase_ii_N3_d1_node2_rank_perturb_01,1805821539,f0_phase_ii:s192430121:d1:nodes[2]:f1c6af18867d,1,1,2,f1c6af18867d37bcd5f1807684a4c0d1d46d44d3c8e2b83b8cb7edcebb8d8c32,rank_perturb,FAILED,not_dual,1,f0_phase_ii,dev,FAILED,02feb2e5cdbdb55f08ef51df90a25e2c310d78bd46a0c853c4bdadf74829fc96,,,,,,,,,magnetic gauge anomaly cancellation;magnetic gauge-global mixed anomaly cancellation;global anomaly matching;central charge matching from encoded R-symmetry,anomaly;anomaly;anomaly;r_charge,4,20,16,3,20,1018,theories/f0_phase_ii_N3_d1_node2_rank_perturb_01.A.json,theories/f0_phase_ii_N3_d1_node2_rank_perturb_01.B.json
f0_phase_ii_N3_d1_node2_rank_perturb_02,1107323009,f0_phase_ii:s192430121:d1:nodes[2]:f1c6af18867d,1,1,2,f1c6af18867d37bcd5f1807684a4c0d1d46d44d3c8e2b83b8cb7edcebb8d8c32,rank_perturb,FAILED,not_dual,1,f0_phase_ii,dev,FAILED,02feb2e5cdbdb55f08ef51df90a25e2c310d78bd46a0c853c4bdadf74829fc96,,,,,,,,,magnetic gauge anomaly cancellation;magnetic gauge-global mixed anomaly cancellation;global anomaly matching;central charge matching from encoded R-symmetry,anomaly;anomaly;anomaly;r_charge,4,20,16,3,20,1018,theories/f0_phase_ii_N3_d1_node2_rank_perturb_02.A.json,theories/f0_phase_ii_N3_d1_node2_rank_perturb_02.B.json
f0_phase_ii_N3_d1_node2_rank_perturb_03,1535216529,f0_phase_ii:s192430121:d1:nodes[2]:f1c6af18867d,1,1,2,f1c6af18867d37bcd5f1807684a4c0d1d46d44d3c8e2b83b8cb7edcebb8d8c32,rank_perturb,FAILED,not_dual,1,f0_phase_ii,dev,FAILED,02feb2e5cdbdb55f08ef51df90a25e2c310d78bd46a0c853c4bdadf74829fc96,,,,,,,,,magnetic gauge anomaly cancellation;magnetic gauge-global mixed anomaly cancellation;global anomaly matching;central charge matching from encoded R-symmetry,anomaly;anomaly;anomaly;r_charge,4,20,16,3,20,1018,theories/f0_phase_ii_N3_d1_node2_rank_perturb_03.A.json,theories/f0_phase_ii_N3_d1_node2_rank_perturb_03.B.json
c3_z2z2_N2_d1_node0_positive_00,3911986059,c3_z2z2:s1736755666:d1:nodes[0]:d83fb1cdb832,1,1,0,d83fb1cdb832022bbd0c3a7fa6cc8ea987cc6babd155f4744eb0c02542647292,positive,CERTIFIED,dual,0,c3_z2z2,dev,CERTIFIED,02feb2e5cdbdb55f08ef51df90a25e2c310d78bd46a0c853c4bdadf74829fc96,,,,,,,,,,,4,9,8,6,9,756,theories/c3_z2z2_N2_d1_node0_positive_00.A.json,theories/c3_z2z2_N2_d1_node0_positive_00.B.json
c3_z2z2_N2_d1_node0_drop_w_term_00,4164467469,c3_z2z2:s1736755666:d1:nodes[0]:d83fb1cdb832,1,1,0,d83fb1cdb832022bbd0c3a7fa6cc8ea987cc6babd155f4744eb0c02542647292,drop_w_term,FAILED,not_dual,1,c3_z2z2,dev,FAILED,02feb2e5cdbdb55f08ef51df90a25e2c310d78bd46a0c853c4bdadf74829fc96,,,,,,,,,bounded chiral-ring consistency,chiral_ring,4,9,7,6,9,739,theories/c3_z2z2_N2_d1_node0_drop_w_term_00.A.json,theories/c3_z2z2_N2_d1_node0_drop_w_term_00.B.json
c3_z2z2_N2_d1_node0_r_charge_perturb_00,4291711804,c3_z2z2:s1736755666:d1:nodes[0]:d83fb1cdb832,1,1,0,d83fb1cdb832022bbd0c3a7fa6cc8ea987cc6babd155f4744eb0c02542647292,r_charge_perturb,FAILED,not_dual,1,c3_z2z2,dev,FAILED,02feb2e5cdbdb55f08ef51df90a25e2c310d78bd46a0c853c4bdadf74829fc96,,,,,,,,,magnetic gauge-global mixed anomaly cancellation;magnetic superpotential consistency;global anomaly matching;central charge matching from encoded R-symmetry,anomaly;superpotential;anomaly;r_charge,4,9,8,6,9,755,theories/c3_z2z2_N2_d1_node0_r_charge_perturb_00.A.json,theories/c3_z2z2_N2_d1_node0_r_charge_perturb_00.B.json
c3_z2z2_N2_d1_node0_r_charge_perturb_01,2347656031,c3_z2z2:s1736755666:d1:nodes[0]:d83fb1cdb832,1,1,0,d83fb1cdb832022bbd0c3a7fa6cc8ea987cc6babd155f4744eb0c02542647292,r_charge_perturb,FAILED,not_dual,1,c3_z2z2,dev,FAILED,02feb2e5cdbdb55f08ef51df90a25e2c310d78bd46a0c853c4bdadf74829fc96,,,,,,,,,magnetic gauge-global mixed anomaly cancellation;magnetic superpotential consistency;global anomaly matching;central charge matching from encoded R-symmetry,anomaly;superpotential;anomaly;r_charge,4,9,8,6,9,756,theories/c3_z2z2_N2_d1_node0_r_charge_perturb_01.A.json,theories/c3_z2z2_N2_d1_node0_r_charge_perturb_01.B.json
c3_z2z2_N2_d1_node0_r_charge_perturb_02,2833040526,c3_z2z2:s1736755666:d1:nodes[0]:d83fb1cdb832,1,1,0,d83fb1cdb832022bbd0c3a7fa6cc8ea987cc6babd155f4744eb0c02542647292,r_charge_perturb,FAILED,not_dual,1,c3_z2z2,dev,FAILED,02feb2e5cdbdb55f08ef51df90a25e2c310d78bd46a0c853c4bdadf74829fc96,,,,,,,,,magnetic gauge-global mixed anomaly cancellation;magnetic superpotential consistency;global anomaly matching;central charge matching from encoded R-symmetry,anomaly;superpotential;anomaly;r_charge,4,9,8,6,9,756,theories/c3_z2z2_N2_d1_node0_r_charge_perturb_02.A.json,theories/c3_z2z2_N2_d1_node0_r_charge_perturb_02.B.json
c3_z2z2_N2_d1_node0_r_charge_perturb_03,2730911243,c3_z2z2:s1736755666:d1:nodes[0]:d83fb1cdb832,1,1,0,d83fb1cdb832022bbd0c3a7fa6cc8ea987cc6babd155f4744eb0c02542647292,r_charge_perturb,FAILED,not_dual,1,c3_z2z2,dev,FAILED,02feb2e5cdbdb55f08ef51df90a25e2c310d78bd46a0c853c4bdadf74829fc96,,,,,,,,,magnetic gauge-global mixed anomaly cancellation;magnetic superpotential consistency;global anomaly matching;central charge matching from encoded R-symmetry,anomaly;superpotential;anomaly;r_charge,4,9,8,6,9,756,theories/c3_z2z2_N2_d1_node0_r_charge_perturb_03.A.json,theories/c3_z2z2_N2_d1_node0_r_charge_perturb_03.B.json
c3_z2z2_N2_d1_node0_rank_perturb_00,2903672066,c3_z2z2:s1736755666:d1:nodes[0]:d83fb1cdb832,1,1,0,d83fb1cdb832022bbd0c3a7fa6cc8ea987cc6babd155f4744eb0c02542647292,rank_perturb,FAILED,not_dual,1,c3_z2z2,dev,FAILED,02feb2e5cdbdb55f08ef51df90a25e2c310d78bd46a0c853c4bdadf74829fc96,,,,,,,,,magnetic gauge-global mixed anomaly cancellation;global anomaly matching;central charge matching from encoded R-symmetry,anomaly;anomaly;r_charge,4,9,8,6,9,756,theories/c3_z2z2_N2_d1_node0_rank_perturb_00.A.json,theories/c3_z2z2_N2_d1_node0_rank_perturb_00.B.json
c3_z2z2_N2_d1_node0_rank_perturb_02,1304264732,c3_z2z2:s1736755666:d1:nodes[0]:d83fb1cdb832,1,1,0,d83fb1cdb832022bbd0c3a7fa6cc8ea987cc6babd155f4744eb0c02542647292,rank_perturb,FAILED,not_dual,1,c3_z2z2,dev,FAILED,02feb2e5cdbdb55f08ef51df90a25e2c310d78bd46a0c853c4bdadf74829fc96,,,,,,,,,magnetic gauge-global mixed anomaly cancellation;global anomaly matching;central charge matching from encoded R-symmetry,anomaly;anomaly;r_charge,4,9,8,6,9,756,theories/c3_z2z2_N2_d1_node0_rank_perturb_02.A.json,theories/c3_z2z2_N2_d1_node0_rank_perturb_02.B.json
c3_z2z2_N2_d1_node1_positive_00,4085192006,c3_z2z2:s2559866777:d1:nodes[1]:3820e3ca2cf3,1,1,1,3820e3ca2cf3dffc27bea47af2cd2c6eee99b8aa2acd7f9752889de43e0ac02e,positive,CERTIFIED,dual,0,c3_z2z2,dev,CERTIFIED,02feb2e5cdbdb55f08ef51df90a25e2c310d78bd46a0c853c4bdadf74829fc96,,,,,,,,,,,4,9,8,6,9,756,theories/c3_z2z2_N2_d1_node1_positive_00.A.json,theories/c3_z2z2_N2_d1_node1_positive_00.B.json
c3_z2z2_N2_d1_node1_drop_w_term_00,737277138,c3_z2z2:s2559866777:d1:nodes[1]:3820e3ca2cf3,1,1,1,3820e3ca2cf3dffc27bea47af2cd2c6eee99b8aa2acd7f9752889de43e0ac02e,drop_w_term,FAILED,not_dual,1,c3_z2z2,dev,FAILED,02feb2e5cdbdb55f08ef51df90a25e2c310d78bd46a0c853c4bdadf74829fc96,,,,,,,,,bounded chiral-ring consistency,chiral_ring,4,9,7,6,9,739,theories/c3_z2z2_N2_d1_node1_drop_w_term_00.A.json,theories/c3_z2z2_N2_d1_node1_drop_w_term_00.B.json
c3_z2z2_N2_d1_node1_drop_w_term_03,718131227,c3_z2z2:s2559866777:d1:nodes[1]:3820e3ca2cf3,1,1,1,3820e3ca2cf3dffc27bea47af2cd2c6eee99b8aa2acd7f9752889de43e0ac02e,drop_w_term,FAILED,not_dual,1,c3_z2z2,dev,FAILED,02feb2e5cdbdb55f08ef51df90a25e2c310d78bd46a0c853c4bdadf74829fc96,,,,,,,,,bounded chiral-ring consistency,chiral_ring,4,9,7,6,9,739,theories/c3_z2z2_N2_d1_node1_drop_w_term_03.A.json,theories/c3_z2z2_N2_d1_node1_drop_w_term_03.B.json
c3_z2z2_N2_d1_node1_r_charge_perturb_00,2125740052,c3_z2z2:s2559866777:d1:nodes[1]:3820e3ca2cf3,1,1,1,3820e3ca2cf3dffc27bea47af2cd2c6eee99b8aa2acd7f9752889de43e0ac02e,r_charge_perturb,FAILED,not_dual,1,c3_z2z2,dev,FAILED,02feb2e5cdbdb55f08ef51df90a25e2c310d78bd46a0c853c4bdadf74829fc96,,,,,,,,,magnetic gauge-global mixed anomaly cancellation;magnetic superpotential consistency;global anomaly matching;central charge matching from encoded R-symmetry,anomaly;superpotential;anomaly;r_charge,4,9,8,6,9,755,theories/c3_z2z2_N2_d1_node1_r_charge_perturb_00.A.json,theories/c3_z2z2_N2_d1_node1_r_charge_perturb_00.B.json
c3_z2z2_N2_d1_node1_r_charge_perturb_01,1094827523,c3_z2z2:s2559866777:d1:nodes[1]:3820e3ca2cf3,1,1,1,3820e3ca2cf3dffc27bea47af2cd2c6eee99b8aa2acd7f9752889de43e0ac02e,r_charge_perturb,FAILED,not_dual,1,c3_z2z2,dev,FAILED,02feb2e5cdbdb55f08ef51df90a25e2c310d78bd46a0c853c4bdadf74829fc96,,,,,,,,,magnetic gauge-global mixed anomaly cancellation;magnetic superpotential consistency;global anomaly matching;central charge matching from encoded R-symmetry,anomaly;superpotential;anomaly;r_charge,4,9,8,6,9,755,theories/c3_z2z2_N2_d1_node1_r_charge_perturb_01.A.json,theories/c3_z2z2_N2_d1_node1_r_charge_perturb_01.B.json
c3_z2z2_N2_d1_node1_r_charge_perturb_02,842343454,c3_z2z2:s2559866777:d1:nodes[1]:3820e3ca2cf3,1,1,1,3820e3ca2cf3dffc27bea47af2cd2c6eee99b8aa2acd7f9752889de43e0ac02e,r_charge_perturb,FAILED,not_dual,1,c3_z2z2,dev,FAILED,02feb2e5cdbdb55f08ef51df90a25e2c310d78bd46a0c853c4bdadf74829fc96,,,,,,,,,magnetic gauge-global mixed anomaly cancellation;magnetic superpotential consistency;global anomaly matching;central charge matching from encoded R-symmetry,anomaly;superpotential;anomaly;r_charge,4,9,8,6,9,756,theories/c3_z2z2_N2_d1_node1_r_charge_perturb_02.A.json,theories/c3_z2z2_N2_d1_node1_r_charge_perturb_02.B.json
c3_z2z2_N2_d1_node1_rank_perturb_00,944783464,c3_z2z2:s2559866777:d1:nodes[1]:3820e3ca2cf3,1,1,1,3820e3ca2cf3dffc27bea47af2cd2c6eee99b8aa2acd7f9752889de43e0ac02e,rank_perturb,FAILED,not_dual,1,c3_z2z2,dev,FAILED,02feb2e5cdbdb55f08ef51df90a25e2c310d78bd46a0c853c4bdadf74829fc96,,,,,,,,,magnetic gauge-global mixed anomaly cancellation;global anomaly matching;central charge matching from encoded R-symmetry,anomaly;anomaly;r_charge,4,9,8,6,9,756,theories/c3_z2z2_N2_d1_node1_rank_perturb_00.A.json,theories/c3_z2z2_N2_d1_node1_rank_perturb_00.B.json
c3_z2z2_N2_d1_node1_rank_perturb_01,725264465,c3_z2z2:s2559866777:d1:nodes[1]:3820e3ca2cf3,1,1,1,3820e3ca2cf3dffc27bea47af2cd2c6eee99b8aa2acd7f9752889de43e0ac02e,rank_perturb,FAILED,not_dual,1,c3_z2z2,dev,FAILED,02feb2e5cdbdb55f08ef51df90a25e2c310d78bd46a0c853c4bdadf74829fc96,,,,,,,,,magnetic gauge-global mixed anomaly cancellation;global anomaly matching;central charge matching from encoded R-symmetry,anomaly;anomaly;r_charge,4,9,8,6,9,756,theories/c3_z2z2_N2_d1_node1_rank_perturb_01.A.json,theories/c3_z2z2_N2_d1_node1_rank_perturb_01.B.json
c3_z2z2_N2_d1_node1_rank_perturb_02,1901149399,c3_z2z2:s2559866777:d1:nodes[1]:3820e3ca2cf3,1,1,1,3820e3ca2cf3dffc27bea47af2cd2c6eee99b8aa2acd7f9752889de43e0ac02e,rank_perturb,FAILED,not_dual,1,c3_z2z2,dev,FAILED,02feb2e5cdbdb55f08ef51df90a25e2c310d78bd46a0c853c4bdadf74829fc96,,,,,,,,,magnetic gauge-global mixed anomaly cancellation;global anomaly matching;central charge matching from encoded R-symmetry,anomaly;anomaly;r_charge,4,9,8,6,9,756,theories/c3_z2z2_N2_d1_node1_rank_perturb_02.A.json,theories/c3_z2z2_N2_d1_node1_rank_perturb_02.B.json
c3_z2z2_N2_d1_node1_rank_perturb_03,2507107298,c3_z2z2:s2559866777:d1:nodes[1]:3820e3ca2cf3,1,1,1,3820e3ca2cf3dffc27bea47af2cd2c6eee99b8aa2acd7f9752889de43e0ac02e,rank_perturb,FAILED,not_dual,1,c3_z2z2,dev,FAILED,02feb2e5cdbdb55f08ef51df90a25e2c310d78bd46a0c853c4bdadf74829fc96,,,,,,,,,magnetic gauge-global mixed anomaly cancellation;global anomaly matching;central charge matching from encoded R-symmetry,anomaly;anomaly;r_charge,4,9,8,6,9,756,theories/c3_z2z2_N2_d1_node1_rank_perturb_03.A.json,theories/c3_z2z2_N2_d1_node1_rank_perturb_03.B.json
dp1_N2_d1_node0_positive_00,2557523681,dp1:s1923135908:d1:nodes[0]:2de96e80b592,1,1,0,2de96e80b592f11d6e5f7fccb280a70b28c8dca2be89f60e2f0997ae304fe872,positive,CERTIFIED,dual,0,dp1,dev,CERTIFIED,02feb2e5cdbdb55f08ef51df90a25e2c310d78bd46a0c853c4bdadf74829fc96,,,,,,,,,,,4,10,6,4,10,634,theories/dp1_N2_d1_node0_positive_00.A.json,theories/dp1_N2_d1_node0_positive_00.B.json
dp1_N2_d1_node0_drop_w_term_00,1171796642,dp1:s1923135908:d1:nodes[0]:2de96e80b592,1,1,0,2de96e80b592f11d6e5f7fccb280a70b28c8dca2be89f60e2f0997ae304fe872,drop_w_term,FAILED,not_dual,1,dp1,dev,FAILED,02feb2e5cdbdb55f08ef51df90a25e2c310d78bd46a0c853c4bdadf74829fc96,,,,,,,,,bounded chiral-ring consistency,chiral_ring,4,10,5,4,10,617,theories/dp1_N2_d1_node0_drop_w_term_00.A.json,theories/dp1_N2_d1_node0_drop_w_term_00.B.json
dp1_N2_d1_node0_drop_w_term_01,2801068073,dp1:s1923135908:d1:nodes[0]:2de96e80b592,1,1,0,2de96e80b592f11d6e5f7fccb280a70b28c8dca2be89f60e2f0997ae304fe872,drop_w_term,FAILED,not_dual,1,dp1,dev,FAILED,02feb2e5cdbdb55f08ef51df90a25e2c310d78bd46a0c853c4bdadf74829fc96,,,,,,,,,bounded chiral-ring consistency,chiral_ring,4,10,5,4,10,618,theories/dp1_N2_d1_node0_drop_w_term_01.A.json,theories/dp1_N2_d1_node0_drop_w_term_01.B.json
dp1_N2_d1_node0_drop_w_term_03,2619530764,dp1:s1923135908:d1:nodes[0]:2de96e80b592,1,1,0,2de96e80b592f11d6e5f7fccb280a70b28c8dca2be89f60e2f0997ae304fe872,drop_w_term,FAILED,not_dual,1,dp1,dev,FAILED,02feb2e5cdbdb55f08ef51df90a25e2c310d78bd46a0c853c4bdadf74829fc96,,,,,,,,,bounded chiral-ring consistency,chiral_ring,4,10,5,4,10,618,theories/dp1_N2_d1_node0_drop_w_term_03.A.json,theories/dp1_N2_d1_node0_drop_w_term_03.B.json
dp1_N2_d1_node0_r_charge_perturb_00,232080199,dp1:s1923135908:d1:nodes[0]:2de96e80b592,1,1,0,2de96e80b592f11d6e5f7fccb280a70b28c8dca2be89f60e2f0997ae304fe872,r_charge_perturb,FAILED,not_dual,1,dp1,dev,FAILED,02feb2e5cdbdb55f08ef51df90a25e2c310d78bd46a0c853c4bdadf74829fc96,,,,,,,,,magnetic gauge-global mixed anomaly cancellation;magnetic superpotential consistency;global anomaly matching;central charge matching from encoded R-symmetry,anomaly;superpotential;anomaly;r_charge,4,10,6,4,10,634,theories/dp1_N2_d1_node0_r_charge_perturb_00.A.json,theories/dp1_N2_d1_node0_r_charge_perturb_00.B.json
dp1_N2_d1_node0_r_charge_perturb_01,3973631019,dp1:s1923135908:d1:nodes[0]:2de96e80b592,1,1,0,2de96e80b592f11d6e5f7fccb280a70b28c8dca2be89f60e2f0997ae304fe872,r_charge_perturb,FAILED,not_dual,1,dp1,dev,FAILED,02feb2e5cdbdb55f08ef51df90a25e2c310d78bd46a0c853c4bdadf74829fc96,,,,,,,,,magnetic gauge-global mixed anomaly cancellation;magnetic superpotential consistency;global anomaly matching;central charge matching from encoded R-symmetry,anomaly;superpotential;anomaly;r_charge,4,10,6,4,10,634,theories/dp1_N2_d1_node0_r_charge_perturb_01.A.json,theories/dp1_N2_d1_node0_r_charge_perturb_01.B.json
dp1_N2_d1_node0_r_charge_perturb_02,481572671,dp1:s1923135908:d1:nodes[0]:2de96e80b592,1,1,0,2de96e80b592f11d6e5f7fccb280a70b28c8dca2be89f60e2f0997ae304fe872,r_charge_perturb,FAILED,not_dual,1,dp1,dev,FAILED,02feb2e5cdbdb55f08ef51df90a25e2c310d78bd46a0c853c4bdadf74829fc96,,,,,,,,,magnetic gauge-global mixed anomaly cancellation;magnetic superpotential consistency;global anomaly matching;central charge matching from encoded R-symmetry,anomaly;superpotential;anomaly;r_charge,4,10,6,4,10,634,theories/dp1_N2_d1_node0_r_charge_perturb_02.A.json,theories/dp1_N2_d1_node0_r_charge_perturb_02.B.json
dp1_N2_d1_node0_r_charge_perturb_03,2077523013,dp1:s1923135908:d1:nodes[0]:2de96e80b592,1,1,0,2de96e80b592f11d6e5f7fccb280a70b28c8dca2be89f60e2f0997ae304fe872,r_charge_perturb,FAILED,not_dual,1,dp1,dev,FAILED,02feb2e5cdbdb55f08ef51df90a25e2c310d78bd46a0c853c4bdadf74829fc96,,,,,,,,,magnetic gauge-global mixed anomaly cancellation;magnetic superpotential consistency;global anomaly matching;central charge matching from encoded R-symmetry,anomaly;superpotential;anomaly;r_charge,4,10,6,4,10,634,theories/dp1_N2_d1_node0_r_charge_perturb_03.A.json,theories/dp1_N2_d1_node0_r_charge_perturb_03.B.json
dp1_N2_d1_node0_rank_perturb_00,2240275761,dp1:s1923135908:d1:nodes[0]:2de96e80b592,1,1,0,2de96e80b592f11d6e5f7fccb280a70b28c8dca2be89f60e2f0997ae304fe872,rank_perturb,FAILED,not_dual,1,dp1,dev,FAILED,02feb2e5cdbdb55f08ef51df90a25e2c310d78bd46a0c853c4bdadf74829fc96,,,,,,,,,magnetic gauge anomaly cancellation;magnetic gauge-global mixed anomaly cancellation;global anomaly matching;central charge matching from encoded R-symmetry,anomaly;anomaly;anomaly;r_charge,4,10,6,4,10,634,theories/dp1_N2_d1_node0_rank_perturb_00.A.json,theories/dp1_N2_d1_node0_rank_perturb_00.B.json
dp1_N2_d1_node0_rank_perturb_01,1568612026,dp1:s1923135908:d1:nodes[0]:2de96e80b592,1,1,0,2de96e80b592f11d6e5f7fccb280a70b28c8dca2be89f60e2f0997ae304fe872,rank_perturb,FAILED,not_dual,1,dp1,dev,FAILED,02feb2e5cdbdb55f08ef51df90a25e2c310d78bd46a0c853c4bdadf74829fc96,,,,,,,,,magnetic gauge anomaly cancellation;magnetic gauge-global mixed anomaly cancellation;global anomaly matching;central charge matching from encoded R-symmetry,anomaly;anomaly;anomaly;r_charge,4,10,6,4,10,634,theories/dp1_N2_d1_node0_rank_perturb_01.A.json,theories/dp1_N2_d1_node0_rank_perturb_01.B.json
dp1_N2_d1_node0_rank_perturb_02,3197676933,dp1:s1923135908:d1:nodes[0]:2de96e80b592,1,1,0,2de96e80b592f11d6e5f7fccb280a70b28c8dca2be89f60e2f0997ae304fe872,rank_perturb,FAILED,not_dual,1,dp1,dev,FAILED,02feb2e5cdbdb55f08ef51df90a25e2c310d78bd46a0c853c4bdadf74829fc96,,,,,,,,,magnetic gauge anomaly cancellation;magnetic gauge-global mixed anomaly cancellation;global anomaly matching;central charge matching from encoded R-symmetry,anomaly;anomaly;anomaly;r_charge,4,10,6,4,10,634,theories/dp1_N2_d1_node0_rank_perturb_02.A.json,theories/dp1_N2_d1_node0_rank_perturb_02.B.json
dp1_N2_d1_node1_positive_00,487825728,dp1:s140828015:d1:nodes[1]:bda42ee01f8f,1,1,1,bda42ee01f8f59a73067ca27481d123060ffa5f38b71b8a3cfab10b0f5af7aeb,positive,CERTIFIED,dual,0,dp1,dev,CERTIFIED,02feb2e5cdbdb55f08ef51df90a25e2c310d78bd46a0c853c4bdadf74829fc96,,,,,,,,,,,4,10,6,4,10,634,theories/dp1_N2_d1_node1_positive_00.A.json,theories/dp1_N2_d1_node1_positive_00.B.json
dp1_N2_d1_node1_drop_w_term_02,2047770143,dp1:s140828015:d1:nodes[1]:bda42ee01f8f,1,1,1,bda42ee01f8f59a73067ca27481d123060ffa5f38b71b8a3cfab10b0f5af7aeb,drop_w_term,FAILED,not_dual,1,dp1,dev,FAILED,02feb2e5cdbdb55f08ef51df90a25e2c310d78bd46a0c853c4bdadf74829fc96,,,,,,,,,bounded chiral-ring consistency,chiral_ring,4,10,5,4,10,618,theories/dp1_N2_d1_node1_drop_w_term_02.A.json,theories/dp1_N2_d1_node1_drop_w_term_02.B.json
dp1_N2_d1_node1_drop_w_term_03,3061902912,dp1:s140828015:d1:nodes[1]:bda42ee01f8f,1,1,1,bda42ee01f8f59a73067ca27481d123060ffa5f38b71b8a3cfab10b0f5af7aeb,drop_w_term,FAILED,not_dual,1,dp1,dev,FAILED,02feb2e5cdbdb55f08ef51df90a25e2c310d78bd46a0c853c4bdadf74829fc96,,,,,,,,,bounded chiral-ring consistency,chiral_ring,4,10,5,4,10,618,theories/dp1_N2_d1_node1_drop_w_term_03.A.json,theories/dp1_N2_d1_node1_drop_w_term_03.B.json
dp1_N2_d1_node1_r_charge_perturb_00,1639783405,dp1:s140828015:d1:nodes[1]:bda42ee01f8f,1,1,1,bda42ee01f8f59a73067ca27481d123060ffa5f38b71b8a3cfab10b0f5af7aeb,r_charge_perturb,FAILED,not_dual,1,dp1,dev,FAILED,02feb2e5cdbdb55f08ef51df90a25e2c310d78bd46a0c853c4bdadf74829fc96,,,,,,,,,magnetic gauge-global mixed anomaly cancellation;magnetic superpotential consistency;global anomaly matching;central charge matching from encoded R-symmetry,anomaly;superpotential;anomaly;r_charge,4,10,6,4,10,634,theories/dp1_N2_d1_node1_r_charge_perturb_00.A.json,theories/dp1_N2_d1_node1_r_charge_perturb_00.B.json
dp1_N2_d1_node1_r_charge_perturb_01,1097922468,dp1:s140828015:d1:nodes[1]:bda42ee01f8f,1,1,1,bda42ee01f8f59a73067ca27481d123060ffa5f38b71b8a3cfab10b0f5af7aeb,r_charge_perturb,FAILED,not_dual,1,dp1,dev,FAILED,02feb2e5cdbdb55f08ef51df90a25e2c310d78bd46a0c853c4bdadf74829fc96,,,,,,,,,magnetic gauge-global mixed anomaly cancellation;magnetic superpotential consistency;global anomaly matching;central charge matching from encoded R-symmetry,anomaly;superpotential;anomaly;r_charge,4,10,6,4,10,634,theories/dp1_N2_d1_node1_r_charge_perturb_01.A.json,theories/dp1_N2_d1_node1_r_charge_perturb_01.B.json
dp1_N2_d1_node1_r_charge_perturb_02,2026656997,dp1:s140828015:d1:nodes[1]:bda42ee01f8f,1,1,1,bda42ee01f8f59a73067ca27481d123060ffa5f38b71b8a3cfab10b0f5af7aeb,r_charge_perturb,FAILED,not_dual,1,dp1,dev,FAILED,02feb2e5cdbdb55f08ef51df90a25e2c310d78bd46a0c853c4bdadf74829fc96,,,,,,,,,magnetic gauge-global mixed anomaly cancellation;magnetic superpotential consistency;global anomaly matching;central charge matching from encoded R-symmetry,anomaly;superpotential;anomaly;r_charge,4,10,6,4,10,634,theories/dp1_N2_d1_node1_r_charge_perturb_02.A.json,theories/dp1_N2_d1_node1_r_charge_perturb_02.B.json
dp1_N2_d1_node1_r_charge_perturb_03,2038772607,dp1:s140828015:d1:nodes[1]:bda42ee01f8f,1,1,1,bda42ee01f8f59a73067ca27481d123060ffa5f38b71b8a3cfab10b0f5af7aeb,r_charge_perturb,FAILED,not_dual,1,dp1,dev,FAILED,02feb2e5cdbdb55f08ef51df90a25e2c310d78bd46a0c853c4bdadf74829fc96,,,,,,,,,magnetic gauge-global mixed anomaly cancellation;magnetic superpotential consistency;global anomaly matching;central charge matching from encoded R-symmetry,anomaly;superpotential;anomaly;r_charge,4,10,6,4,10,634,theories/dp1_N2_d1_node1_r_charge_perturb_03.A.json,theories/dp1_N2_d1_node1_r_charge_perturb_03.B.json
dp1_N2_d1_node1_rank_perturb_00,1693403875,dp1:s140828015:d1:nodes[1]:bda42ee01f8f,1,1,1,bda42ee01f8f59a73067ca27481d123060ffa5f38b71b8a3cfab10b0f5af7aeb,rank_perturb,FAILED,not_dual,1,dp1,dev,FAILED,02feb2e5cdbdb55f08ef51df90a25e2c310d78bd46a0c853c4bdadf74829fc96,,,,,,,,,magnetic gauge anomaly cancellation;magnetic gauge-global mixed anomaly cancellation;global anomaly matching;central charge matching from encoded R-symmetry,anomaly;anomaly;anomaly;r_charge,4,10,6,4,10,634,theories/dp1_N2_d1_node1_rank_perturb_00.A.json,theories/dp1_N2_d1_node1_rank_perturb_00.B.json
dp1_N2_d1_node1_rank_perturb_01,940982193,dp1:s140828015:d1:nodes[1]:bda42ee01f8f,1,1,1,bda42ee01f8f59a73067ca27481d123060ffa5f38b71b8a3cfab10b0f5af7aeb,rank_perturb,FAILED,not_dual,1,dp1,dev,FAILED,02feb2e5cdbdb55f08ef51df90a25e2c310d78bd46a0c853c4bdadf74829fc96,,,,,,,,,magnetic gauge anomaly cancellation;magnetic gauge-global mixed anomaly cancellation;global anomaly matching;central charge matching from encoded R-symmetry,anomaly;anomaly;anomaly;r_charge,4,10,6,4,10,634,theories/dp1_N2_d1_node1_rank_perturb_01.A.json,theories/dp1_N2_d1_node1_rank_perturb_01.B.json
dp1_N2_d1_node1_rank_perturb_02,1233213728,dp1:s140828015:d1:nodes[1]:bda42ee01f8f,1,1,1,bda42ee01f8f59a73067ca27481d123060ffa5f38b71b8a3cfab10b0f5af7aeb,rank_perturb,FAILED,not_dual,1,dp1,dev,FAILED,02feb2e5cdbdb55f08ef51df90a25e2c310d78bd46a0c853c4bdadf74829fc96,,,,,,,,,magnetic gauge anomaly cancellation;magnetic gauge-global mixed anomaly cancellation;global anomaly matching;central charge matching from encoded R-symmetry,anomaly;anomaly;anomaly;r_charge,4,10,6,4,10,634,theories/dp1_N2_d1_node1_rank_perturb_02.A.json,theories/dp1_N2_d1_node1_rank_perturb_02.B.json
dp2_phase1_N2_d1_node3_positive_00,3987388807,dp2_phase1:s3282556316:d1:nodes[3]:6374681a30da,1,1,3,6374681a30dad8a5cee6771715345e059fc916e44e9d81c1755ea0293880f10f,positive,CERTIFIED,dual,0,dp2_phase1,dev,CERTIFIED,02feb2e5cdbdb55f08ef51df90a25e2c310d78bd46a0c853c4bdadf74829fc96,,,,,,,,,,,5,13,8,4,13,805,theories/dp2_phase1_N2_d1_node3_positive_00.A.json,theories/dp2_phase1_N2_d1_node3_positive_00.B.json
dp2_phase1_N2_d1_node3_drop_w_term_00,856486372,dp2_phase1:s3282556316:d1:nodes[3]:6374681a30da,1,1,3,6374681a30dad8a5cee6771715345e059fc916e44e9d81c1755ea0293880f10f,drop_w_term,FAILED,not_dual,1,dp2_phase1,dev,FAILED,02feb2e5cdbdb55f08ef51df90a25e2c310d78bd46a0c853c4bdadf74829fc96,,,,,,,,,bounded chiral-ring consistency,chiral_ring,5,13,7,4,13,789,theories/dp2_phase1_N2_d1_node3_drop_w_term_00.A.json,theories/dp2_phase1_N2_d1_node3_drop_w_term_00.B.json
dp2_phase1_N2_d1_node3_drop_w_term_01,2898998662,dp2_phase1:s3282556316:d1:nodes[3]:6374681a30da,1,1,3,6374681a30dad8a5cee6771715345e059fc916e44e9d81c1755ea0293880f10f,drop_w_term,FAILED,not_dual,1,dp2_phase1,dev,FAILED,02feb2e5cdbdb55f08ef51df90a25e2c310d78bd46a0c853c4bdadf74829fc96,,,,,,,,,bounded chiral-ring consistency,chiral_ring,5,13,7,4,13,788,theories/dp2_phase1_N2_d1_node3_drop_w_term_01.A.json,theories/dp2_phase1_N2_d1_node3_drop_w_term_01.B.json
dp2_phase1_N2_d1_node3_r_charge_perturb_00,1046525154,dp2_phase1:s3282556316:d1:nodes[3]:6374681a30da,1,1,3,6374681a30dad8a5cee6771715345e059fc916e44e9d81c1755ea0293880f10f,r_charge_perturb,FAILED,not_dual,1,dp2_phase1,dev,FAILED,02feb2e5cdbdb55f08ef51df90a25e2c310d78bd46a0c853c4bdadf74829fc96,,,,,,,,,magnetic gauge-global mixed anomaly cancellation;magnetic superpotential consistency;global anomaly matching;central charge matching from encoded R-symmetry,anomaly;superpotential;anomaly;r_charge,5,13,8,4,13,805,theories/dp2_phase1_N2_d1_node3_r_charge_perturb_00.A.json,theories/dp2_phase1_N2_d1_node3_r_charge_perturb_00.B.json
dp2_phase1_N2_d1_node3_r_charge_perturb_01,2112190312,dp2_phase1:s3282556316:d1:nodes[3]:6374681a30da,1,1,3,6374681a30dad8a5cee6771715345e059fc916e44e9d81c1755ea0293880f10f,r_charge_perturb,FAILED,not_dual,1,dp2_phase1,dev,FAILED,02feb2e5cdbdb55f08ef51df90a25e2c310d78bd46a0c853c4bdadf74829fc96,,,,,,,,,magnetic gauge-global mixed anomaly cancellation;magnetic superpotential consistency;global anomaly matching;central charge matching from encoded R-symmetry,anomaly;superpotential;anomaly;r_charge,5,13,8,4,13,805,theories/dp2_phase1_N2_d1_node3_r_charge_perturb_01.A.json,theories/dp2_phase1_N2_d1_node3_r_charge_perturb_01.B.json
dp2_phase1_N2_d1_node3_r_charge_perturb_02,184681892,dp2_phase1:s3282556316:d1:nodes[3]:6374681a30da,1,1,3,6374681a30dad8a5cee6771715345e059fc916e44e9d81c1755ea0293880f10f,r_charge_perturb,FAILED,not_dual,1,dp2_phase1,dev,FAILED,02feb2e5cdbdb55f08ef51df90a25e2c310d78bd46a0c853c4bdadf74829fc96,,,,,,,,,magnetic gauge-global mixed anomaly cancellation;magnetic superpotential consistency;global anomaly matching;central charge matching from encoded R-symmetry,anomaly;superpotential;anomaly;r_charge,5,13,8,4,13,805,theories/dp2_phase1_N2_d1_node3_r_charge_perturb_02.A.json,theories/dp2_phase1_N2_d1_node3_r_charge_perturb_02.B.json
dp2_phase1_N2_d1_node3_r_charge_perturb_03,1425676557,dp2_phase1:s3282556316:d1:nodes[3]:6374681a30da,1,1,3,6374681a30dad8a5cee6771715345e059fc916e44e9d81c1755ea0293880f10f,r_charge_perturb,FAILED,not_dual,1,dp2_phase1,dev,FAILED,02feb2e5cdbdb55f08ef51df90a25e2c310d78bd46a0c853c4bdadf74829fc96,,,,,,,,,magnetic gauge-global mixed anomaly cancellation;magnetic superpotential consistency;global anomaly matching;central charge matching from encoded R-symmetry,anomaly;superpotential;anomaly;r_charge,5,13,8,4,13,805,theories/dp2_phase1_N2_d1_node3_r_charge_perturb_03.A.json,theories/dp2_phase1_N2_d1_node3_r_charge_perturb_03.B.json
dp2_phase1_N2_d1_node3_rank_perturb_00,2318760209,dp2_phase1:s3282556316:d1:nodes[3]:6374681a30da,1,1,3,6374681a30dad8a5cee6771715345e059fc916e44e9d81c1755ea0293880f10f,rank_perturb,FAILED,not_dual,1,dp2_phase1,dev,FAILED,02feb2e5cdbdb55f08ef51df90a25e2c310d78bd46a0c853c4bdadf74829fc96,,,,,,,,,magnetic gauge anomaly cancellation;magnetic gauge-global mixed anomaly cancellation;global anomaly matching;central charge matching from encoded R-symmetry,anomaly;anomaly;anomaly;r_charge,5,13,8,4,13,805,theories/dp2_phase1_N2_d1_node3_rank_perturb_00.A.json,theories/dp2_phase1_N2_d1_node3_rank_perturb_00.B.json
dp2_phase1_N2_d1_node3_rank_perturb_02,3942836393,dp2_phase1:s3282556316:d1:nodes[3]:6374681a30da,1,1,3,6374681a30dad8a5cee6771715345e059fc916e44e9d81c1755ea0293880f10f,rank_perturb,FAILED,not_dual,1,dp2_phase1,dev,FAILED,02feb2e5cdbdb55f08ef51df90a25e2c310d78bd46a0c853c4bdadf74829fc96,,,,,,,,,magnetic gauge anomaly cancellation;magnetic gauge-global mixed anomaly cancellation;global anomaly matching;central charge matching from encoded R-symmetry,anomaly;anomaly;anomaly;r_charge,5,13,8,4,13,805,theories/dp2_phase1_N2_d1_node3_rank_perturb_02.A.json,theories/dp2_phase1_N2_d1_node3_rank_perturb_02.B.json
dp2_phase1_N2_d1_node4_positive_00,673687875,dp2_phase1:s437449320:d1:nodes[4]:055a023c0799,1,1,4,055a023c0799f6c5ebc7f9d1034b55581786e96b5e6c1141a8b424e632ef46e8,positive,CERTIFIED,dual,0,dp2_phase1,dev,CERTIFIED,02feb2e5cdbdb55f08ef51df90a25e2c310d78bd46a0c853c4bdadf74829fc96,,,,,,,,,,,5,21,16,4,21,1072,theories/dp2_phase1_N2_d1_node4_positive_00.A.json,theories/dp2_phase1_N2_d1_node4_positive_00.B.json
dp2_phase1_N2_d1_node4_drop_w_term_01,3108665857,dp2_phase1:s437449320:d1:nodes[4]:055a023c0799,1,1,4,055a023c0799f6c5ebc7f9d1034b55581786e96b5e6c1141a8b424e632ef46e8,drop_w_term,FAILED,not_dual,1,dp2_phase1,dev,FAILED,02feb2e5cdbdb55f08ef51df90a25e2c310d78bd46a0c853c4bdadf74829fc96,,,,,,,,,bounded chiral-ring consistency,chiral_ring,5,21,15,4,21,1055,theories/dp2_phase1_N2_d1_node4_drop_w_term_01.A.json,theories/dp2_phase1_N2_d1_node4_drop_w_term_01.B.json
dp2_phase1_N2_d1_node4_drop_w_term_02,2205727318,dp2_phase1:s437449320:d1:nodes[4]:055a023c0799,1,1,4,055a023c0799f6c5ebc7f9d1034b55581786e96b5e6c1141a8b424e632ef46e8,drop_w_term,FAILED,not_dual,1,dp2_phase1,dev,FAILED,02feb2e5cdbdb55f08ef51df90a25e2c310d78bd46a0c853c4bdadf74829fc96,,,,,,,,,bounded chiral-ring consistency,chiral_ring,5,21,15,4,21,1055,theories/dp2_phase1_N2_d1_node4_drop_w_term_02.A.json,theories/dp2_phase1_N2_d1_node4_drop_w_term_02.B.json
dp2_phase1_N2_d1_node4_drop_w_term_03,4272054161,dp2_phase1:s437449320:d1:nodes[4]:055a023c0799,1,1,4,055a023c0799f6c5ebc7f9d1034b55581786e96b5e6c1141a8b424e632ef46e8,drop_w_term,FAILED,not_dual,1,dp2_phase1,dev,FAILED,02feb2e5cdbdb55f08ef51df90a25e2c310d78bd46a0c853c4bdadf74829fc96,,,,,,,,,bounded chiral-ring consistency,chiral_ring,5,21,15,4,21,1055,theories/dp2_phase1_N2_d1_node4_drop_w_term_03.A.json,theories/dp2_phase1_N2_d1_node4_drop_w_term_03.B.json
dp2_phase1_N2_d1_node4_r_charge_perturb_00,3982782063,dp2_phase1:s437449320:d1:nodes[4]:055a023c0799,1,1,4,055a023c0799f6c5ebc7f9d1034b55581786e96b5e6c1141a8b424e632ef46e8,r_charge_perturb,FAILED,not_dual,1,dp2_phase1,dev,FAILED,02feb2e5cdbdb55f08ef51df90a25e2c310d78bd46a0c853c4bdadf74829fc96,,,,,,,,,magnetic gauge-global mixed anomaly cancellation;magnetic superpotential consistency;global anomaly matching;central charge matching from encoded R-symmetry,anomaly;superpotential;anomaly;r_charge,5,21,16,4,21,1072,theories/dp2_phase1_N2_d1_node4_r_charge_perturb_00.A.json,theories/dp2_phase1_N2_d1_node4_r_charge_perturb_00.B.json
dp2_phase1_N2_d1_node4_r_charge_perturb_01,706485893,dp2_phase1:s437449320:d1:nodes[4]:055a023c0799,1,1,4,055a023c0799f6c5ebc7f9d1034b55581786e96b5e6c1141a8b424e632ef46e8,r_charge_perturb,FAILED,not_dual,1,dp2_phase1,dev,FAILED,02feb2e5cdbdb55f08ef51df90a25e2c310d78bd46a0c853c4bdadf74829fc96,,,,,,,,,magnetic gauge-global mixed anomaly cancellation;magnetic superpotential consistency;global anomaly matching;central charge matching from encoded R-symmetry,anomaly;superpotential;anomaly;r_charge,5,21,16,4,21,1072,theories/dp2_phase1_N2_d1_node4_r_charge_perturb_01.A.json,theories/dp2_phase1_N2_d1_node4_r_charge_perturb_01.B.json
dp2_phase1_N2_d1_node4_r_charge_perturb_02,1452764459,dp2_phase1:s437449320:d1:nodes[4]:055a023c0799,1,1,4,055a023c0799f6c5ebc7f9d1034b55581786e96b5e6c1141a8b424e632ef46e8,r_charge_perturb,FAILED,not_dual,1,dp2_phase1,dev,FAILED,02feb2e5cdbdb55f08ef51df90a25e2c310d78bd46a0c853c4bdadf74829fc96,,,,,,,,,magnetic gauge-global mixed anomaly cancellation;magnetic superpotential consistency;global anomaly matching;central charge matching from encoded R-symmetry,anomaly;superpotential;anomaly;r_charge,5,21,16,4,21,1072,theories/dp2_phase1_N2_d1_node4_r_charge_perturb_02.A.json,theories/dp2_phase1_N2_d1_node4_r_charge_perturb_02.B.json
dp2_phase1_N2_d1_node4_rank_perturb_00,1382694780,dp2_phase1:s437449320:d1:nodes[4]:055a023c0799,1,1,4,055a023c0799f6c5ebc7f9d1034b55581786e96b5e6c1141a8b424e632ef46e8,rank_perturb,FAILED,not_dual,1,dp2_phase1,dev,FAILED,02feb2e5cdbdb55f08ef51df90a25e2c310d78bd46a0c853c4bdadf74829fc96,,,,,,,,,magnetic gauge anomaly cancellation;magnetic gauge-global mixed anomaly cancellation;global anomaly matching;central charge matching from encoded R-symmetry,anomaly;anomaly;anomaly;r_charge,5,21,16,4,21,1072,theories/dp2_phase1_N2_d1_node4_rank_perturb_00.A.json,theories/dp2_phase1_N2_d1_node4_rank_perturb_00.B.json
dp2_phase1_N2_d1_node4_rank_perturb_01,2345324389,dp2_phase1:s437449320:d1:nodes[4]:055a023c0799,1,1,4,055a023c0799f6c5ebc7f9d1034b55581786e96b5e6c1141a8b424e632ef46e8,rank_perturb,FAILED,not_dual,1,dp2_phase1,dev,FAILED,02feb2e5cdbdb55f08ef51df90a25e2c310d78bd46a0c853c4bdadf74829fc96,,,,,,,,,magnetic gauge anomaly cancellation;magnetic gauge-global mixed anomaly cancellation;global anomaly matching;central charge matching from encoded R-symmetry,anomaly;anomaly;anomaly;r_charge,5,21,16,4,21,1072,theories/dp2_phase1_N2_d1_node4_rank_perturb_01.A.json,theories/dp2_phase1_N2_d1_node4_rank_perturb_01.B.json
dp2_phase1_N2_d1_node4_rank_perturb_03,4002132084,dp2_phase1:s437449320:d1:nodes[4]:055a023c0799,1,1,4,055a023c0799f6c5ebc7f9d1034b55581786e96b5e6c1141a8b424e632ef46e8,rank_perturb,FAILED,not_dual,1,dp2_phase1,dev,FAILED,02feb2e5cdbdb55f08ef51df90a25e2c310d78bd46a0c853c4bdadf74829fc96,,,,,,,,,magnetic gauge anomaly cancellation;magnetic gauge-global mixed anomaly cancellation;global anomaly matching;central charge matching from encoded R-symmetry,anomaly;anomaly;anomaly;r_charge,5,21,16,4,21,1072,theories/dp2_phase1_N2_d1_node4_rank_perturb_03.A.json,theories/dp2_phase1_N2_d1_node4_rank_perturb_03.B.json
spp_N2_d1_node0_positive_00,2884692893,spp:s3347865502:d1:nodes[0]:3968ec2818e7,1,1,0,3968ec2818e70fcf72ec9b44a724f59f39cddae7ce7f6488e0a816c0777699d8,positive,CERTIFIED,dual,0,spp,dev,CERTIFIED,02feb2e5cdbdb55f08ef51df90a25e2c310d78bd46a0c853c4bdadf74829fc96,,,,,,,,,,,3,7,6,4,7,513,theories/spp_N2_d1_node0_positive_00.A.json,theories/spp_N2_d1_node0_positive_00.B.json
spp_N2_d1_node0_drop_w_term_00,1442453183,spp:s3347865502:d1:nodes[0]:3968ec2818e7,1,1,0,3968ec2818e70fcf72ec9b44a724f59f39cddae7ce7f6488e0a816c0777699d8,drop_w_term,FAILED,not_dual,1,spp,dev,FAILED,02feb2e5cdbdb55f08ef51df90a25e2c310d78bd46a0c853c4bdadf74829fc96,,,,,,,,,bounded chiral-ring consistency,chiral_ring,3,7,5,4,7,496,theories/spp_N2_d1_node0_drop_w_term_00.A.json,theories/spp_N2_d1_node0_drop_w_term_00.B.json
spp_N2_d1_node0_drop_w_term_01,3547650076,spp:s3347865502:d1:nodes[0]:3968ec2818e7,1,1,0,3968ec2818e70fcf72ec9b44a724f59f39cddae7ce7f6488e0a816c0777699d8,drop_w_term,FAILED,not_dual,1,spp,dev,FAILED,02feb2e5cdbdb55f08ef51df90a25e2c310d78bd46a0c853c4bdadf74829fc96,,,,,,,,,bounded chiral-ring consistency,chiral_ring,3,7,5,4,7,494,theories/spp_N2_d1_node0_drop_w_term_01.A.json,theories/spp_N2_d1_node0_drop_w_term_01.B.json
spp_N2_d1_node0_drop_w_term_02,932867903,spp:s3347865502:d1:nodes[0]:3968ec2818e7,1,1,0,3968ec2818e70fcf72ec9b44a724f59f39cddae7ce7f6488e0a816c0777699d8,drop_w_term,FAILED,not_dual,1,spp,dev,FAILED,02feb2e5cdbdb55f08ef51df90a25e2c310d78bd46a0c853c4bdadf74829fc96,,,,,,,,,bounded chiral-ring consistency,chiral_ring,3,7,5,4,7,496,theories/spp_N2_d1_node0_drop_w_term_02.A.json,theories/spp_N2_d1_node0_drop_w_term_02.B.json
spp_N2_d1_node0_r_charge_perturb_00,4147866640,spp:s3347865502:d1:nodes[0]:3968ec2818e7,1,1,0,3968ec2818e70fcf72ec9b44a724f59f39cddae7ce7f6488e0a816c0777699d8,r_charge_perturb,FAILED,not_dual,1,spp,dev,FAILED,02feb2e5cdbdb55f08ef51df90a25e2c310d78bd46a0c853c4bdadf74829fc96,,,,,,,,,magnetic gauge-global mixed anomaly cancellation;magnetic superpotential consistency;global anomaly matching;central charge matching from encoded R-symmetry,anomaly;superpotential;anomaly;r_charge,3,7,6,4,7,513,theories/spp_N2_d1_node0_r_charge_perturb_00.A.json,theories/spp_N2_d1_node0_r_charge_perturb_00.B.json
spp_N2_d1_node0_r_charge_perturb_01,2056914613,spp:s3347865502:d1:nodes[0]:3968ec2818e7,1,1,0,3968ec2818e70fcf72ec9b44a724f59f39cddae7ce7f6488e0a816c0777699d8,r_charge_perturb,FAILED,not_dual,1,spp,dev,FAILED,02feb2e5cdbdb55f08ef51df90a25e2c310d78bd46a0c853c4bdadf74829fc96,,,,,,,,,magnetic gauge-global mixed anomaly cancellation;magnetic superpotential consistency;global anomaly matching;central charge matching from encoded R-symmetry,anomaly;superpotential;anomaly;r_charge,3,7,6,4,7,513,theories/spp_N2_d1_node0_r_charge_perturb_01.A.json,theories/spp_N2_d1_node0_r_charge_perturb_01.B.json
spp_N2_d1_node0_r_charge_perturb_03,835885799,spp:s3347865502:d1:nodes[0]:3968ec2818e7,1,1,0,3968ec2818e70fcf72ec9b44a724f59f39cddae7ce7f6488e0a816c0777699d8,r_charge_perturb,FAILED,not_dual,1,spp,dev,FAILED,02feb2e5cdbdb55f08ef51df90a25e2c310d78bd46a0c853c4bdadf74829fc96,,,,,,,,,magnetic gauge-global mixed anomaly cancellation;magnetic superpotential consistency;global anomaly matching;central charge matching from encoded R-symmetry,anomaly;superpotential;anomaly;r_charge,3,7,6,4,7,513,theories/spp_N2_d1_node0_r_charge_perturb_03.A.json,theories/spp_N2_d1_node0_r_charge_perturb_03.B.json
spp_N2_d1_node0_rank_perturb_00,1525442868,spp:s3347865502:d1:nodes[0]:3968ec2818e7,1,1,0,3968ec2818e70fcf72ec9b44a724f59f39cddae7ce7f6488e0a816c0777699d8,rank_perturb,FAILED,not_dual,1,spp,dev,FAILED,02feb2e5cdbdb55f08ef51df90a25e2c310d78bd46a0c853c4bdadf74829fc96,,,,,,,,,magnetic gauge-global mixed anomaly cancellation;global anomaly matching;central charge matching from encoded R-symmetry,anomaly;anomaly;r_charge,3,7,6,4,7,513,theories/spp_N2_d1_node0_rank_perturb_00.A.json,theories/spp_N2_d1_node0_rank_perturb_00.B.json
spp_N2_d1_node0_rank_perturb_01,1348490991,spp:s3347865502:d1:nodes[0]:3968ec2818e7,1,1,0,3968ec2818e70fcf72ec9b44a724f59f39cddae7ce7f6488e0a816c0777699d8,rank_perturb,FAILED,not_dual,1,spp,dev,FAILED,02feb2e5cdbdb55f08ef51df90a25e2c310d78bd46a0c853c4bdadf74829fc96,,,,,,,,,magnetic gauge-global mixed anomaly cancellation;global anomaly matching;central charge matching from encoded R-symmetry,anomaly;anomaly;r_charge,3,7,6,4,7,513,theories/spp_N2_d1_node0_rank_perturb_01.A.json,theories/spp_N2_d1_node0_rank_perturb_01.B.json
spp_N2_d1_node2_positive_00,4162670310,spp:s2087456559:d1:nodes[2]:bf3dc3d679ae,1,1,2,bf3dc3d679aeb630ff2a23b665bfa2b1ce42b8bc6d0c9aa2bb372a63459e0108,positive,CERTIFIED,dual,0,spp,dev,CERTIFIED,02feb2e5cdbdb55f08ef51df90a25e2c310d78bd46a0c853c4bdadf74829fc96,,,,,,,,,,,3,7,6,4,7,513,theories/spp_N2_d1_node2_positive_00.A.json,theories/spp_N2_d1_node2_positive_00.B.json
spp_N2_d1_node2_drop_w_term_00,121043138,spp:s2087456559:d1:nodes[2]:bf3dc3d679ae,1,1,2,bf3dc3d679aeb630ff2a23b665bfa2b1ce42b8bc6d0c9aa2bb372a63459e0108,drop_w_term,FAILED,not_dual,1,spp,dev,FAILED,02feb2e5cdbdb55f08ef51df90a25e2c310d78bd46a0c853c4bdadf74829fc96,,,,,,,,,bounded chiral-ring consistency,chiral_ring,3,7,5,4,7,497,theories/spp_N2_d1_node2_drop_w_term_00.A.json,theories/spp_N2_d1_node2_drop_w_term_00.B.json
spp_N2_d1_node2_drop_w_term_01,4108428695,spp:s2087456559:d1:nodes[2]:bf3dc3d679ae,1,1,2,bf3dc3d679aeb630ff2a23b665bfa2b1ce42b8bc6d0c9aa2bb372a63459e0108,drop_w_term,FAILED,not_dual,1,spp,dev,FAILED,02feb2e5cdbdb55f08ef51df90a25e2c310d78bd46a0c853c4bdadf74829fc96,,,,,,,,,bounded chiral-ring consistency,chiral_ring,3,7,5,4,7,497,theories/spp_N2_d1_node2_drop_w_term_01.A.json,theories/spp_N2_d1_node2_drop_w_term_01.B.json
spp_N2_d1_node2_drop_w_term_02,3264158627,spp:s2087456559:d1:nodes[2]:bf3dc3d679ae,1,1,2,bf3dc3d679aeb630ff2a23b665bfa2b1ce42b8bc6d0c9aa2bb372a63459e0108,drop_w_term,FAILED,not_dual,1,spp,dev,FAILED,02feb2e5cdbdb55f08ef51df90a25e2c310d78bd46a0c853c4bdadf74829fc96,,,,,,,,,bounded chiral-ring consistency,chiral_ring,3,7,5,4,7,494,theories/spp_N2_d1_node2_drop_w_term_02.A.json,theories/spp_N2_d1_node2_drop_w_term_02.B.json
spp_N2_d1_node2_r_charge_perturb_00,50637645,spp:s2087456559:d1:nodes[2]:bf3dc3d679ae,1,1,2,bf3dc3d679aeb630ff2a23b665bfa2b1ce42b8bc6d0c9aa2bb372a63459e0108,r_charge_perturb,FAILED,not_dual,1,spp,dev,FAILED,02feb2e5cdbdb55f08ef51df90a25e2c310d78bd46a0c853c4bdadf74829fc96,,,,,,,,,magnetic gauge-global mixed anomaly cancellation;magnetic superpotential consistency;global anomaly matching;central charge matching from encoded R-symmetry,anomaly;superpotential;anomaly;r_charge,3,7,6,4,7,514,theories/spp_N2_d1_node2_r_charge_perturb_00.A.json,theories/spp_N2_d1_node2_r_charge_perturb_00.B.json
spp_N2_d1_node2_r_charge_perturb_01,3421188797,spp:s2087456559:d1:nodes[2]:bf3dc3d679ae,1,1,2,bf3dc3d679aeb630ff2a23b665bfa2b1ce42b8bc6d0c9aa2bb372a63459e0108,r_charge_perturb,FAILED,not_dual,1,spp,dev,FAILED,02feb2e5cdbdb55f08ef51df90a25e2c310d78bd46a0c853c4bdadf74829fc96,,,,,,,,,magnetic gauge-global mixed anomaly cancellation;magnetic superpotential consistency;global anomaly matching;central charge matching from encoded R-symmetry,anomaly;superpotential;anomaly;r_charge,3,7,6,4,7,514,theories/spp_N2_d1_node2_r_charge_perturb_01.A.json,theories/spp_N2_d1_node2_r_charge_perturb_01.B.json
spp_N2_d1_node2_r_charge_perturb_02,1265643445,spp:s2087456559:d1:nodes[2]:bf3dc3d679ae,1,1,2,bf3dc3d679aeb630ff2a23b665bfa2b1ce42b8bc6d0c9aa2bb372a63459e0108,r_charge_perturb,FAILED,not_dual,1,spp,dev,FAILED,02feb2e5cdbdb55f08ef51df90a25e2c310d78bd46a0c853c4bdadf74829fc96,,,,,,,,,magnetic gauge-global mixed anomaly cancellation;magnetic superpotential consistency;global anomaly matching;central charge matching from encoded R-symmetry,anomaly;superpotential;anomaly;r_charge,3,7,6,4,7,514,theories/spp_N2_d1_node2_r_charge_perturb_02.A.json,theories/spp_N2_d1_node2_r_charge_perturb_02.B.json
spp_N2_d1_node2_r_charge_perturb_03,4050129613,spp:s2087456559:d1:nodes[2]:bf3dc3d679ae,1,1,2,bf3dc3d679aeb630ff2a23b665bfa2b1ce42b8bc6d0c9aa2bb372a63459e0108,r_charge_perturb,FAILED,not_dual,1,spp,dev,FAILED,02feb2e5cdbdb55f08ef51df90a25e2c310d78bd46a0c853c4bdadf74829fc96,,,,,,,,,magnetic gauge-global mixed anomaly cancellation;magnetic superpotential consistency;global anomaly matching;central charge matching from encoded R-symmetry,anomaly;superpotential;anomaly;r_charge,3,7,6,4,7,514,theories/spp_N2_d1_node2_r_charge_perturb_03.A.json,theories/spp_N2_d1_node2_r_charge_perturb_03.B.json
spp_N2_d1_node2_rank_perturb_00,3241010916,spp:s2087456559:d1:nodes[2]:bf3dc3d679ae,1,1,2,bf3dc3d679aeb630ff2a23b665bfa2b1ce42b8bc6d0c9aa2bb372a63459e0108,rank_perturb,FAILED,not_dual,1,spp,dev,FAILED,02feb2e5cdbdb55f08ef51df90a25e2c310d78bd46a0c853c4bdadf74829fc96,,,,,,,,,magnetic gauge-global mixed anomaly cancellation;global anomaly matching;central charge matching from encoded R-symmetry,anomaly;anomaly;r_charge,3,7,6,4,7,513,theories/spp_N2_d1_node2_rank_perturb_00.A.json,theories/spp_N2_d1_node2_rank_perturb_00.B.json
spp_N2_d1_node2_rank_perturb_01,895853711,spp:s2087456559:d1:nodes[2]:bf3dc3d679ae,1,1,2,bf3dc3d679aeb630ff2a23b665bfa2b1ce42b8bc6d0c9aa2bb372a63459e0108,rank_perturb,FAILED,not_dual,1,spp,dev,FAILED,02feb2e5cdbdb55f08ef51df90a25e2c310d78bd46a0c853c4bdadf74829fc96,,,,,,,,,magnetic gauge-global mixed anomaly cancellation;global anomaly matching;central charge matching from encoded R-symmetry,anomaly;anomaly;r_charge,3,7,6,4,7,513,theories/spp_N2_d1_node2_rank_perturb_01.A.json,theories/spp_N2_d1_node2_rank_perturb_01.B.json
spp_N2_d1_node2_rank_perturb_02,852471393,spp:s2087456559:d1:nodes[2]:bf3dc3d679ae,1,1,2,bf3dc3d679aeb630ff2a23b665bfa2b1ce42b8bc6d0c9aa2bb372a63459e0108,rank_perturb,FAILED,not_dual,1,spp,dev,FAILED,02feb2e5cdbdb55f08ef51df90a25e2c310d78bd46a0c853c4bdadf74829fc96,,,,,,,,,magnetic gauge-global mixed anomaly cancellation;global anomaly matching;central charge matching from encoded R-symmetry,anomaly;anomaly;r_charge,3,7,6,4,7,513,theories/spp_N2_d1_node2_rank_perturb_02.A.json,theories/spp_N2_d1_node2_rank_perturb_02.B.json
